,X,baseMean,log2FoldChange,lfcSE,stat,pvalue,padj,REFSEQ,GENENAME,GO
5579417,LOC5579417,23812.75655,2.264624442,0.206976075,10.94147928,7.29989779271539e-28,9.48037726339948e-24,XP_001647719.2,transferrin,GO:0005615
110681377,LOC110681377,395.1440793,1.742529662,0.174823071,9.967389593,2.11720202250657e-23,1.37480513331464e-19,XP_021712810.1,uncharacterized LOC110681377,NA
5565079,LOC5565079,1312.158059,1.379842297,0.139601272,9.884167059,4.87619989950101e-23,2.11090693649399e-19,XP_001649422.1,uncharacterized LOC5565079,GO:0016747
5577029,LOC5577029,243.195638,-2.981393097,0.335616193,-8.883341039,6.48816671373339e-19,2.10654552778139e-15,XP_021705488.1,transferrin,NA
5568948,LOC5568948,78.26508326,-3.617035913,0.409932634,-8.823488578,1.1094801435904e-18,2.8817637249617e-15,XP_021703190.1,"dynein heavy chain 8, axonemal",NA
5575855,LOC5575855,636.660134,-1.016467605,0.135736937,-7.488511442,6.96591156001448e-14,1.50777155716513e-10,XP_021702951.1,ranBP-type and C3HC4-type zinc finger-containing protein 1,NA
110678781,LOC110678781,123.1444311,-2.328983931,0.328241707,-7.095332134,1.29041200154353e-12,2.39408295200654e-09,XP_021707816.1,zinc finger BED domain-containing protein 4,NA
110679185,LOC110679185,34.39232687,3.738466438,0.580390305,6.441297186,1.18456664175056e-10,1.7755271009461e-07,XR_002502286.1,uncharacterized LOC110679185,NA
110676204,LOC110676204,77.91849182,2.295389187,0.356674523,6.435528855,1.23044151139716e-10,1.7755271009461e-07,XR_002500162.1,uncharacterized LOC110676204,NA
5574455,LOC5574455,58.2678499,-3.173292671,0.499403466,-6.354166292,2.09560041327695e-10,2.72155625672277e-07,XP_021699561.1,TBC1 domain family member 31,NA
110675744,LOC110675744,33.72081887,-3.677881292,0.586171098,-6.274415959,3.5094912773178e-10,4.14343301986602e-07,XP_021697170.1,protein ALP1-like,NA
5564224,LOC5564224,303.4126401,-1.034380531,0.16713619,-6.188848345,6.06053544475895e-10,6.55901448509037e-07,XP_021698335.1,uncharacterized LOC5564224,NA
5566344,LOC5566344,1709.458639,1.034928889,0.167849086,6.165829752,7.01144906442876e-10,7.00443761536433e-07,XP_021696749.1,carbonic anhydrase 1,NA
5568116,LOC5568116,547.899025,0.897754722,0.146609163,6.123455753,9.15672922436169e-10,8.49417445977038e-07,XP_001652055.1,vitellogenic carboxypeptidase-like,GO:0004185
5571393,LOC5571393,42.19178341,-5.306459539,0.870475998,-6.096043488,1.08725846696039e-09,9.41348380694305e-07,XP_001653643.2,uncharacterized LOC5571393,GO:0016020
5568359,LOC5568359,229.54447,1.726269949,0.28509592,6.055049645,1.40374365964499e-09,1.1394011817381e-06,XP_001658011.2,serine protease easter,GO:0004252
5569694,LOC5569694,2762.794696,-1.025026148,0.175773468,-5.831518044,5.4925371007649e-09,4.19597525456669e-06,XP_001658675.2,transcription factor btd,NA
5563860,LOC5563860,54.38387155,-4.318890224,0.747476439,-5.77796168,7.56110230017403e-09,5.45533530957557e-06,XR_002500568.1,uncharacterized LOC5563860,NA
5573573,LOC5573573,284.4162069,-1.1739602,0.205181541,-5.721568307,1.05545207773385e-08,7.21429270185761e-06,XP_001654706.1,uncharacterized LOC5573573,GO:0016020
110679363,LOC110679363,38.73811214,4.431753614,0.781124411,5.67355667,1.39862803841413e-08,9.08199116744216e-06,XP_021709470.1,C-type lectin 37Db-like,NA
5577104,LOC5577104,1771.788707,0.675875737,0.120438355,5.611798139,2.00234936959011e-08,1.23831006013651e-05,XP_021701924.1,uncharacterized LOC5577104,NA
5564321,LOC5564321,1472.199892,0.885820823,0.158308704,5.595528227,2.19951057193177e-08,1.29841108171263e-05,XP_001648679.1,apyrase,GO:0000166
110675775,LOC110675775,15.63695948,7.490725935,1.342699524,5.578854987,2.42106966851741e-08,1.36706225152329e-05,XR_002499788.1,uncharacterized LOC110675775,NA
5571938,LOC5571938,288.1735147,-1.192129391,0.214192357,-5.565695289,2.61109171613473e-08,1.4129270048934e-05,XP_021698447.1,transient receptor potential cation channel subfamily A member 1,NA
5579096,LOC5579096,316.3813433,2.417747076,0.441750968,5.473099664,4.42231232215914e-08,2.29730280511523e-05,NR_176437.1,uncharacterized LOC5579096,NA
5575846,LOC5575846,776.0058954,-0.986965761,0.180571691,-5.46578346,4.60866668639637e-08,2.30202900985499e-05,XP_001662258.1,nucleolin,GO:0003723
5570450,LOC5570450,282.6136403,0.888474521,0.16349477,5.434268746,5.50216022831544e-08,2.64653906981973e-05,XP_001659154.1,uncharacterized LOC5570450,GO:0016020
5575071,LOC5575071,887.1425303,1.192057095,0.219744906,5.424731413,5.80417493747724e-08,2.69210071117918e-05,XP_001661794.2,serine protease snake,GO:0004252
110674725,LOC110674725,43.15956173,2.526570015,0.471969792,5.353245177,8.63906660121275e-08,3.86881234310173e-05,XR_002499131.1,uncharacterized LOC110674725,NA
110680790,LOC110680790,66.49900451,2.614460522,0.490408775,5.331186256,9.7573279363448e-08,4.22394726364366e-05,XR_002502988.1,uncharacterized LOC110680790,NA
5567300,LOC5567300,196.3538543,-1.119885462,0.210773673,-5.313213199,1.07708897627767e-07,4.51230791448972e-05,XP_021709833.1,caspase-3,NA
5574244,LOC5574244,3419.979948,0.532573978,0.100773455,5.284863727,1.25798366535466e-07,4.95073753392755e-05,XP_001661299.1,V-type proton ATPase subunit d 1,GO:0033179
06_mgr02,CFI06_mgr02,293131.7742,0.870128463,0.164545674,5.288066474,1.23616058427465e-07,4.95073753392755e-05,NA,NA,NA
5579108,LOC5579108,3775.181467,0.548146012,0.104415187,5.249677042,1.52366101466545e-07,5.81993694042945e-05,XP_001657305.2,galectin-9,GO:0030246
110679435,LOC110679435,23.95457942,-2.914801188,0.560831342,-5.19728655,2.02218525510975e-07,7.50346283088866e-05,XP_021709698.1,protein ALP1-like,NA
5564288,LOC5564288,244.3041556,2.107232806,0.413712667,5.09346939,3.51569834142054e-07,0.000126829,XP_001648638.1,collectin-11,NA
110676221,LOC110676221,217.6073198,1.087550414,0.214292076,5.075084593,3.8732364838281e-07,0.000133898,XP_021698909.1,uncharacterized LOC110676221,NA
110681431,LOC110681431,22.47057824,3.095331737,0.610169255,5.072906761,3.91784492653152e-07,0.000133898,XP_021712875.1,protein ALP1-like,NA
5569265,LOC5569265,62.92889863,-1.790723247,0.354174798,-5.056043672,4.28043353328452e-07,0.000142538,XP_021712555.1,venom protease,NA
110675128,LOC110675128,44067.26953,0.837305456,0.165837605,5.048948083,4.44249435766167e-07,0.000144237,XR_002499293.1,NADH-ubiquinone oxidoreductase chain 1-like,NA
5571347,LOC5571347,350.339005,-1.59612059,0.316960888,-5.035702047,4.76100637463533e-07,0.000150808,XP_021698962.1,cuticle protein 8,NA
5564628,LOC5564628,360.4981638,-0.839458071,0.168516228,-4.981467241,6.31039682072339e-07,0.000190589,XP_021696774.1,homeobox protein PKNOX1,NA
5563663,LOC5563663,769.0491562,1.621688613,0.325339379,4.984605975,6.20882086616141e-07,0.000190589,XP_001647870.2,serine protease easter,GO:0005576
110676279,LOC110676279,5780.980702,0.629891182,0.126647468,4.973578957,6.57279849563392e-07,0.000193982,XP_021699240.1,uncharacterized LOC110676279,NA
5575327,LOC5575327,505.6169014,1.09601025,0.22055881,4.969242672,6.72149066123994e-07,0.000193982,XP_001655704.2,serine protease 55,GO:0004252
5564633,LOC5564633,4454.265905,0.942850469,0.191355507,4.927218889,8.34082983945445e-07,0.000235483,XP_001648987.2,uncharacterized family 31 glucosidase KIAA1161,GO:0004553
5575349,LOC5575349,807.664252,1.594306966,0.325172748,4.902953817,9.44061856903406e-07,0.000260862,XP_001655727.2,tryptase,GO:0004252
110675610,LOC110675610,2957.988622,0.804173835,0.16483864,4.878551736,1.0686763371214e-06,0.000289144,XP_021696765.1,uncharacterized LOC110675610,NA
5573645,LOC5573645,1097.8685,-0.555346741,0.11400447,-4.871271629,1.10882275110019e-06,0.000293883,XP_021700870.1,zinc finger protein 502,NA
5577667,LOC5577667,818.4663076,0.909585467,0.18707363,4.862178967,1.16100579309409e-06,0.000295647,XP_021693817.1,aminopeptidase N,NA
110673988,LOC110673988,195.1822773,2.457736395,0.505387305,4.863075049,1.15576000083751e-06,0.000295647,XR_002499491.1,uncharacterized LOC110673988,NA
5568671,LOC5568671,4177.439285,0.586786404,0.120905335,4.853271395,1.21441315708364e-06,0.0003033,XP_021712478.1,synapse-associated protein of 47 kDa,NA
5564828,LOC5564828,709.9269634,5.41131422,1.119794584,4.832416852,1.34885453553441e-06,0.000314539,NP_001395317.1,cecropin-like LOC5564828,NA
5571601,LOC5571601,281.7980327,-1.044515015,0.216196512,-4.83132223,1.35629287290217e-06,0.000314539,XP_001653715.2,uncharacterized LOC5571601,GO:0016020
5565977,LOC5565977,390.9709423,1.986132757,0.410932717,4.833231028,1.3433473784753e-06,0.000314539,XP_001650347.2,serine protease easter,GO:0005576
5568657,LOC5568657,1354.278039,0.503260154,0.10403425,4.837446846,1.31517539230908e-06,0.000314539,XP_021710276.1,protein bride of sevenless,NA
5567135,LOC5567135,774.5027964,-0.587767336,0.121980901,-4.818519385,1.44627475851998e-06,0.000329522,XP_001651562.1,pair-rule protein odd-paired,NA
5574170,LOC5574170,1849.325779,1.565964013,0.325552245,4.810177278,1.50796491363052e-06,0.000337654,XP_001661225.1,tryptase,GO:0004252
110681385,LOC110681385,16.00758722,5.621270969,1.170529937,4.802329946,1.56829993445853e-06,0.000345212,XR_002503185.1,uncharacterized LOC110681385,NA
5576174,LOC5576174,223.2831114,-1.17502805,0.245895005,-4.778576331,1.7654074240551e-06,0.000381288,XP_001662520.2,probable chitinase 2,GO:0008061
5563609,LOC5563609,414.3532725,1.423959337,0.298168211,4.775691328,1.7909092186181e-06,0.000381288,XP_001647863.2,CD109 antigen,GO:0005615
5572693,LOC5572693,5811.566716,-0.554478734,0.116350044,-4.765608305,1.88284724057872e-06,0.000394396,XP_001660512.1,uncharacterized LOC5572693,NA
5571828,LOC5571828,10497.39178,0.931632077,0.196846542,4.732783554,2.21461609314702e-06,0.000452471,XP_001659961.1,chymotrypsin-2,GO:0004252
5579282,LOC5579282,117.5331953,1.714252589,0.362314113,4.731398887,2.22977876911975e-06,0.000452471,XP_001647590.2,uncharacterized LOC5579282,NA
110675992,LOC110675992,36.11268749,3.094925694,0.654778836,4.726673379,2.28227927676852e-06,0.000455999,XR_002499977.1,uncharacterized LOC110675992,NA
5564201,LOC5564201,647.0239231,1.76659573,0.375077828,4.709944434,2.47784335604381e-06,0.000487572,XP_001648541.3,serine protease easter,GO:0005576
5574869,LOC5574869,2285.694499,-0.545396413,0.116321892,-4.688682433,2.74969715875045e-06,0.00053299,XP_021709481.1,Fanconi anemia group D2 protein homolog,NA
5576170,LOC5576170,12344.64692,0.440979866,0.094137253,4.684435258,2.8073288168391e-06,0.000536159,XP_001662512.1,nucleoside diphosphate kinase,GO:0005524
5574808,LOC5574808,76.66968975,2.341591407,0.503174754,4.653634522,3.26134662586377e-06,0.000609647,XR_002499707.1,uncharacterized LOC5574808,NA
5569955,LOC5569955,637.6012216,5.698849251,1.225010415,4.652082285,3.28599898562105e-06,0.000609647,XP_001658853.2,uncharacterized LOC5569955,GO:0030598
5565507,LOC5565507,1048.333397,1.591112701,0.342970214,4.639215402,3.49734388521277e-06,0.000616122,XP_001649836.2,uncharacterized LOC5565507,NA
5572043,LOC5572043,703.9207301,0.710120919,0.153095123,4.638429385,3.51066840045159e-06,0.000616122,XP_001660150.2,scavenger receptor class B member 1,GO:0005886
5563810,LOC5563810,354.2445621,-0.867695408,0.186925135,-4.641940784,3.45151788682462e-06,0.000616122,XP_021710831.1,tetratricopeptide repeat protein 28,NA
110679326,LOC110679326,49.74582678,-1.717859559,0.369756152,-4.64592556,3.38555077435217e-06,0.000616122,XR_002502394.1,uncharacterized LOC110679326,NA
5564521,LOC5564521,1109.747417,-1.48427963,0.320890086,-4.62550791,3.73681544838964e-06,0.000647067,XP_021710988.1,hybrid signal transduction histidine kinase A,NA
5563566,LOC5563566,1850.938943,0.873291909,0.188975923,4.62118081,3.81562040897573e-06,0.000652019,XP_001647872.2,serine protease easter,GO:0005576
5576415,LOC5576415,3805.065801,-0.491494963,0.106522591,-4.613997462,3.94997249052593e-06,0.000666212,XP_001656117.2,muscle M-line assembly protein unc-89,NA
5571039,LOC5571039,4146.429804,0.827560651,0.17956,4.608825193,4.0495061643228e-06,0.000674243,XP_001659472.1,chymotrypsin-1,GO:0004252
5577450,LOC5577450,538.3103164,1.499492806,0.325617766,4.605070611,4.12325930634944e-06,0.000677833,XP_001663376.2,uncharacterized LOC5577450,NA
5566558,LOC5566558,595.8946255,1.192192068,0.261434892,4.560187275,5.11080211091145e-06,0.000829675,XP_001650951.1,macrophage mannose receptor 1,NA
5571448,LOC5571448,1138.715834,-0.597681084,0.131411726,-4.548156402,5.41179112635012e-06,0.000867691,XP_021695477.1,membrane-bound alkaline phosphatase,NA
110675609,LOC110675609,3373.125905,0.736355818,0.162127475,4.541832386,5.57673734711702e-06,0.000883233,XP_021696764.1,uncharacterized LOC110675609,NA
5566151,LOC5566151,11472.98612,0.465751531,0.102911661,4.525741062,6.0184234116636e-06,0.000941702,XP_021699214.1,PDZ and LIM domain protein 7,NA
5576991,LOC5576991,479.9150662,-0.650274181,0.144052956,-4.514132848,6.3576357278302e-06,0.000982936,XP_001663093.2,serine/threonine-protein kinase SIK3 homolog,GO:0005524
5573693,LOC5573693,445.6561484,0.692262387,0.154698429,4.474915437,7.64415604928675e-06,0.001154356,XP_001661022.2,ras-related and estrogen-regulated growth inhibitor,GO:0005525
5568393,LOC5568393,174.7154146,0.931053944,0.208056923,4.474996218,7.64126653198124e-06,0.001154356,XP_001658037.1,BLOC-1-related complex subunit 7,GO:0005765
110676418,LOC110676418,20.79038338,3.216918645,0.720848077,4.462686036,8.09386041118798e-06,0.001208218,XR_002500365.1,uncharacterized LOC110676418,NA
5568136,LOC5568136,312.4321451,1.105231057,0.247817444,4.459859797,8.20132851549172e-06,0.001210348,XP_001652079.1,serine protease easter,GO:0004252
5571998,LOC5571998,397.3848935,1.201207477,0.270745019,4.436674329,9.13593516388328e-06,0.001318315,XP_001660103.3,peptidoglycan-recognition protein 2,GO:0008745
5565231,LOC5565231,1155.610523,1.484934393,0.334533163,4.438825679,9.0451037054719e-06,0.001318315,XP_001649562.2,uncharacterized LOC5565231,NA
5575507,LOC5575507,197.4122009,1.715243621,0.387080877,4.431228007,9.3697948696301e-06,0.001337204,XR_002500852.1,uncharacterized LOC5575507,NA
5573995,LOC5573995,11126.15449,-0.366508467,0.082779122,-4.427547182,9.53107281713742e-06,0.001345435,XP_021697981.1,la-related protein CG11505,NA
5578035,LOC5578035,895.6073487,-0.815903908,0.184425557,-4.424028427,9.6877264775408e-06,0.001351794,XP_001663657.2,zinc finger protein 808,NA
5577784,LOC5577784,1171.561694,-0.5811488,0.131425542,-4.421886285,9.78429500130497e-06,0.001351794,XP_001663557.2,uncharacterized LOC5577784,NA
5576523,LOC5576523,510.5741893,1.375266075,0.311611672,4.413397176,1.01761060426072e-05,0.001373799,XP_001662716.2,uncharacterized LOC5576523,NA
110675412,LOC110675412,138.2787576,-1.845733836,0.41829459,-4.412521417,1.02173683826698e-05,0.001373799,XP_021696059.1,uncharacterized LOC110675412,NA
5574228,LOC5574228,2381.500411,-0.506908282,0.114903477,-4.411600906,1.02609114850212e-05,0.001373799,XP_021697557.1,chromatin modification-related protein eaf-1,NA
5570825,LOC5570825,681.5207281,0.835279827,0.189706524,4.403010555,1.06758969667305e-05,0.001414774,XP_001653329.2,zinc carboxypeptidase,GO:0004181
5568133,LOC5568133,2636.163834,0.959422458,0.218345949,4.394047445,1.11259517257336e-05,0.001459523,XP_001652075.2,venom protease,GO:0004252
5567907,LOC5567907,899.4071051,1.018819717,0.232641272,4.379359293,1.19028746242929e-05,0.001534396,XP_001651945.2,uncharacterized LOC5567907,NA
23687450,LOC23687450,7212.308868,0.403094431,0.092055741,4.378808185,1.19330102662061e-05,0.001534396,XP_011493524.1,RNA-binding protein Rsf1,GO:0003723
5573436,LOC5573436,590.3715477,1.007373818,0.232060387,4.340998606,1.41836623286717e-05,0.001805914,XP_001660879.1,facilitated trehalose transporter Tret1,GO:0005886
5565434,LOC5565434,1289.797663,0.968483686,0.22371799,4.329038027,1.49762075254613e-05,0.001888311,XP_001649809.2,leucine-rich repeat-containing protein 15,GO:0016020
5572940,LOC5572940,4155.042147,-0.50597301,0.117018992,-4.323853774,1.53326944882073e-05,0.00191467,XP_001660660.2,protein bicaudal C,GO:0003723
5572933,LOC5572933,233.3436815,2.071226913,0.48183728,4.298602451,1.71878448197875e-05,0.002125891,XP_001654269.2,glucose 1-dehydrogenase 3,GO:0016491
110680279,LOC110680279,3856.369287,-0.396479865,0.092354931,-4.293001586,1.76273746385997e-05,0.002159686,XP_021711792.1,microtubule-associated protein futsch-like,NA
5565449,LOC5565449,297.3514824,0.789911263,0.18457401,4.279645137,1.87191535704602e-05,0.002272015,XP_001649787.1,maltase A3,GO:0005975
5564118,LOC5564118,924.5769328,0.592359705,0.138948901,4.263147837,2.01567064176925e-05,0.002423844,XP_001648457.1,"1,5-anhydro-D-fructose reductase",GO:0016491
5569465,LOC5569465,34983.06602,-0.445202058,0.104862731,-4.24556993,2.18038491809771e-05,0.002505899,XP_001658550.2,putative vitellogenin receptor,GO:0016020
5577040,LOC5577040,375.2055994,1.108576867,0.26071666,4.252036931,2.11834916115756e-05,0.002505899,XP_021693030.1,limulus clotting factor C,NA
5578266,LOC5578266,3534.483862,0.402756215,0.094799529,4.248504366,2.15202453532884e-05,0.002505899,XP_001663792.2,transcription factor AP-1,GO:0005634
5565490,LOC5565490,537.9910633,-0.675987324,0.159076021,-4.249460862,2.14285644088167e-05,0.002505899,XP_021705968.1,uncharacterized LOC5565490,NA
110680972,LOC110680972,120.3969622,-1.018420555,0.239870357,-4.245712422,2.17899960404918e-05,0.002505899,XR_002503046.1,uncharacterized LOC110680972,NA
5575915,LOC5575915,1609.65337,-0.41548536,0.098116872,-4.234596469,2.28962480620128e-05,0.002608365,XP_021699455.1,uncharacterized LOC5575915,NA
5573207,LOC5573207,156.0144128,-0.990237781,0.234095476,-4.230059459,2.33629551501772e-05,0.002638389,XP_021704335.1,zinc finger protein 423 homolog,NA
5564107,LOC5564107,154.5795986,1.083963929,0.256498851,4.225999152,2.37882886640028e-05,0.002663263,XP_001648468.1,uncharacterized LOC5564107,GO:0016787
5568444,LOC5568444,31242.29056,0.425524379,0.100805357,4.221247662,2.42953823726164e-05,0.002696787,XP_021706258.1,muscle LIM protein 1,NA
5577320,LOC5577320,8188.564437,-0.421577066,0.100223737,-4.20635948,2.59517319901859e-05,0.002833497,XP_021708360.1,mucin-17,NA
110681357,LOC110681357,48.73113318,2.168221625,0.515475165,4.206258171,2.59633623962437e-05,0.002833497,XP_021712798.1,glucose 1-dehydrogenase 3-like,NA
5571194,LOC5571194,296.5534578,-1.109667192,0.264093223,-4.201801089,2.64799758136803e-05,0.002865795,XP_001653508.2,extensin-1,NA
5569884,LOC5569884,214.8581838,0.784881462,0.18723817,4.191888132,2.76642407092958e-05,0.002969219,XP_001658781.1,serine protease snake,GO:0004252
110678870,LOC110678870,19.32166916,3.206518191,0.767043758,4.180358887,2.9104938076532e-05,0.003098245,XR_002502006.1,uncharacterized LOC110678870,NA
5564597,LOC5564597,1877.225293,-0.653378456,0.156378239,-4.178192944,2.93834343867358e-05,0.003102461,XP_021704756.1,ATP-binding cassette sub-family A member 5,NA
5576099,LOC5576099,1082.199609,0.536148983,0.128383989,4.17613589,2.96502734464242e-05,0.003105388,XP_021705151.1,galactokinase,NA
110677817,LOC110677817,110.9386321,1.812533326,0.435194597,4.164880119,3.11516207818421e-05,0.003236529,XP_021705052.1,CD109 antigen-like,NA
110675611,LOC110675611,1380.327418,0.732408834,0.176316019,4.153955153,3.26777247945806e-05,0.00336814,XP_021696766.1,uncharacterized LOC110675611,NA
5578243,LOC5578243,68217.95287,0.49288109,0.119113932,4.137896229,3.50504819160165e-05,0.003558255,XP_001663765.1,60S ribosomal protein L23,GO:1990904
5571927,LOC5571927,32913.96973,0.457698496,0.110614851,4.137767154,3.50701999023958e-05,0.003558255,XP_021708642.1,60S ribosomal protein L39,NA
110674181,LOC110674181,77.68831779,1.813514457,0.440440755,4.1174992,3.83005858840345e-05,0.003855889,XR_002498714.1,uncharacterized LOC110674181,NA
5571114,LOC5571114,340.9910672,0.802880319,0.195207792,4.112952204,3.90631284911717e-05,0.003881626,XP_021706642.1,uncharacterized LOC5571114,NA
5574171,LOC5574171,547.4718952,1.021495399,0.248393013,4.112415993,3.91539964319957e-05,0.003881626,XP_001661226.1,trypsin-3,GO:0004252
5572158,LOC5572158,433.7992811,-0.629224541,0.153338829,-4.103491244,4.06961861410104e-05,0.00400395,XP_021693679.1,5-hydroxytryptamine receptor 1,NA
5571053,LOC5571053,2123.638317,-0.765217829,0.186590398,-4.101056844,4.11267507291225e-05,0.004015888,XP_001659492.2,serine protease SP24D,GO:0004252
5569892,LOC5569892,332.7393192,1.220007951,0.298631384,4.085330663,4.40140905846127e-05,0.004265754,XP_001658785.2,serine protease 7,GO:0004252
5579175,LOC5579175,2544.754612,-0.433289258,0.106105676,-4.08356344,4.43503143528586e-05,0.0042665,XP_001664270.2,DNA repair protein complementing XP-C cells homolog,GO:0005634
5573303,LOC5573303,41.98595517,3.407723512,0.835420883,4.079049952,4.52201206678464e-05,0.004286669,XP_001654519.1,ferritin subunit-like,GO:0008199
110678078,LOC110678078,65.15874789,2.872024746,0.703914359,4.080076941,4.50207965165999e-05,0.004286669,XP_021706326.1,glycine-rich protein 23-like,NA
5569188,LOC5569188,4249.714116,-0.387724996,0.095208072,-4.072396256,4.65319278882169e-05,0.004379059,XP_021701062.1,protein Gawky,NA
110680850,LOC110680850,3700.855987,-0.553112996,0.136472044,-4.052939919,5.05779950036171e-05,0.004725586,NP_001395415.1,proline-rich protein 36,NA
5575054,LOC5575054,717.4610901,1.511538284,0.374350265,4.037764694,5.39629406891481e-05,0.00497155,XP_001661778.2,plasma kallikrein,GO:0004252
5563808,LOC5563808,260.2473421,1.679914962,0.41639763,4.034400872,5.47417936431505e-05,0.00497155,XP_001648088.2,serine protease inhibitor 28Dc,GO:0005615
110676803,LOC110676803,41.02592354,-1.680718554,0.416551856,-4.034836306,5.46403771391832e-05,0.00497155,XR_002500736.1,uncharacterized LOC110676803,NA
110677093,LOC110677093,1106.675096,-0.649024964,0.160844142,-4.035117196,5.45750499718516e-05,0.00497155,XP_021703456.1,zinc finger protein 184-like,NA
110679374,LOC110679374,25164.90745,0.411927248,0.102248396,4.028691555,5.60881493432351e-05,0.00505845,XP_021709495.1,uncharacterized LOC110679374,NA
5571598,LOC5571598,643.619639,0.579645191,0.14441103,4.013856777,5.97346003747835e-05,0.00529037,XP_001653719.2,mitochondrial inner membrane protein COX18,GO:0016020
5565875,LOC5565875,701.1726465,-0.696902769,0.173697695,-4.012158996,6.01659533850942e-05,0.00529037,XP_021697696.1,lariat debranching enzyme,NA
5573760,LOC5573760,446.8476113,1.295697514,0.322693092,4.015262629,5.9379635437225e-05,0.00529037,XP_021706771.1,lysozyme,NA
5579803,LOC5579803,71.26216124,2.177439305,0.542775419,4.011676339,6.02891189608001e-05,0.00529037,XP_001648116.2,calpain-3,GO:0004198
5564226,LOC5564226,33649.86024,0.478160396,0.119515193,4.000833567,6.31197423329421e-05,0.005501585,XP_001648567.1,40S ribosomal protein S17,GO:1990904
5569687,LOC5569687,145.4819791,1.213615103,0.303568558,3.997828731,6.39261771083622e-05,0.005534728,XP_021693811.1,chitooligosaccharidolytic beta-N-acetylglucosaminidase,NA
5572406,LOC5572406,95.64828615,1.009408323,0.253037069,3.989171735,6.63044066090484e-05,0.005702618,XP_021697008.1,uncharacterized LOC5572406,NA
5578123,LOC5578123,50703.17548,0.494589083,0.124270287,3.979946394,6.89308101490356e-05,0.005889503,XP_001656820.1,40S ribosomal protein S16,GO:1990904
5563744,LOC5563744,938.3802235,-0.547333724,0.1376244,-3.977010802,6.97869961844099e-05,0.005923684,XP_001648027.2,valine--tRNA ligase,GO:0002161
5578831,LOC5578831,11918.16733,0.529295563,0.133277413,3.971382327,7.14567943901205e-05,0.006026035,XP_001657181.2,23 kDa integral membrane protein,GO:0016020
5565453,LOC5565453,9082.911504,0.768819542,0.193757968,3.967937682,7.24972844686834e-05,0.006074337,XP_001649784.1,probable maltase,GO:0005975
23687685,LOC23687685,199.6627785,1.096591979,0.276813143,3.96148812,7.4484088545598e-05,0.006178063,NR_176626.1,uncharacterized LOC23687685,NA
5574677,LOC5574677,6348.857847,0.742035805,0.187345324,3.960791703,7.4701675560351e-05,0.006178063,XP_021701646.1,uncharacterized LOC5574677,NA
110679069,LOC110679069,39.95162621,2.86230298,0.722927297,3.959323424,7.51623922041227e-05,0.006178063,XR_002502186.1,uncharacterized LOC110679069,NA
5579366,LOC5579366,676.6389627,0.931268654,0.235404855,3.956029936,7.62056157088934e-05,0.006187166,XP_001647672.2,polyserase-2,GO:0004252
110673999,LOC110673999,4850.108083,0.612262495,0.154769398,3.955966117,7.62259652105192e-05,0.006187166,XP_021706910.1,synapse-associated protein of 47 kDa,NA
5568816,LOC5568816,5081.129841,-0.42627354,0.108225441,-3.938755412,8.19053730211611e-05,0.006606864,XP_021701325.1,protein son of sevenless,NA
5564573,LOC5564573,49.70460413,-1.593638812,0.404831556,-3.936547902,8.26621259481087e-05,0.006626747,XP_021696810.1,agrin,NA
110674821,LOC110674821,30.16937793,-2.387223001,0.607139165,-3.93192062,8.42698939045035e-05,0.006714191,XP_021694954.1,uncharacterized LOC110674821,NA
5577352,LOC5577352,411.9934792,0.716692121,0.182443434,3.92829769,8.55492745341684e-05,0.006774564,XP_001656428.1,alpha-ketoglutarate-dependent dioxygenase alkB homolog 6,NA
5566228,LOC5566228,53513.75243,0.513622823,0.131075182,3.918536017,8.90884188203129e-05,0.007012068,XP_001650616.1,40S ribosomal protein S14,GO:1990904
5575440,LOC5575440,656.8348171,-0.481033503,0.122808555,-3.916938069,8.96807757157334e-05,0.00701617,XP_001661961.1,DNA repair and recombination protein RAD54-like,GO:0043229
5570242,LOC5570242,99.1815281,-1.359052303,0.347272321,-3.913505977,9.09656478380582e-05,0.007074077,XP_021697078.1,uncharacterized LOC5570242,NA
5569448,LOC5569448,5367.377456,-0.367571365,0.094161842,-3.903612716,9.47673841247198e-05,0.007288252,XP_021696661.1,pleckstrin homology domain-containing family G member 3,NA
110677094,LOC110677094,1448.416488,-0.477694914,0.122378496,-3.903422011,9.48421204069696e-05,0.007288252,XP_021703457.1,zinc finger protein 62-like,NA
110678010,LOC110678010,185.2178992,0.915620727,0.23466399,3.901837371,9.54652902478806e-05,0.007292987,XR_002501380.1,uncharacterized LOC110678010,NA
110678674,LOC110678674,67.93734919,-1.301133124,0.333730473,-3.898754324,9.66888128372503e-05,0.007343261,XP_021707566.1,uncharacterized LOC110678674,NA
5566372,LOC5566372,692.0071076,0.50304677,0.12909661,3.896669084,9.75247283602709e-05,0.007363684,XP_001650784.1,sugar transporter SWEET1,GO:0000139
5568465,LOC5568465,55176.00251,0.531692485,0.136866551,3.884751101,0.000102435,0.007689713,XP_001652294.1,40S ribosomal protein S28,GO:0005840
110681505,LOC110681505,49.20564681,-1.440888345,0.371374918,-3.879875226,0.00010451,0.007696111,XP_021713092.1,uncharacterized LOC110681505,NA
5572143,LOC5572143,40.81271294,2.850933092,0.734934681,3.879165271,0.000104816,0.007696111,XP_001660220.1,protein NPC2 homolog,GO:0005576
5573350,LOC5573350,1843.771714,-0.482297642,0.124209652,-3.882932081,0.000103204,0.007696111,XP_021705674.1,protein lines,NA
110681092,LOC110681092,49.02994315,1.634096784,0.421268458,3.878991536,0.00010489,0.007696111,XR_002503092.1,uncharacterized LOC110681092,NA
110674822,LOC110674822,34.55354396,-2.540180813,0.655159571,-3.877194084,0.000105668,0.007709279,XP_021694956.1,uncharacterized LOC110674822,NA
23687745,LOC23687745,2120.917096,0.973558917,0.251274448,3.874484345,0.000106851,0.007709279,XP_021711559.1,serine protease easter,NA
5578104,LOC5578104,1087.603063,0.534404494,0.137912092,3.874964739,0.00010664,0.007709279,XP_001656800.1,regulator of microtubule dynamics protein 1,NA
110678684,LOC110678684,18.17528322,2.354787833,0.60820241,3.871717367,0.000108071,0.007754259,XR_002501837.1,uncharacterized LOC110678684,NA
5574714,LOC5574714,3319.158431,-0.38990663,0.10099735,-3.860562984,0.000113126,0.007971309,XP_021694711.1,nuclear factor of activated T-cells 5,NA
110676610,LOC110676610,45.09425911,-2.437128369,0.63143832,-3.859645976,0.000113551,0.007971309,XR_002500561.1,uncharacterized LOC110676610,NA
5570582,LOC5570582,390.9472621,-1.039029644,0.269085927,-3.861330294,0.000112771,0.007971309,XP_021704722.1,guanylate cyclase 32E,NA
5578667,LOC5578667,326.9827169,1.101157402,0.285008209,3.863598892,0.000111729,0.007971309,XP_021705242.1,sodium-dependent nutrient amino acid transporter 1,NA
5568191,LOC5568191,261.6822802,-1.091479174,0.2835862,-3.84884446,0.000118676,0.008286288,XP_021703922.1,zinc finger protein 135,NA
5571295,LOC5571295,1213.143498,0.505145299,0.131302518,3.847186676,0.000119482,0.008297924,XP_001653598.1,uncharacterized LOC5571295,GO:0005634
5564982,LOC5564982,499.6485194,-0.539359576,0.140704741,-3.833272242,0.00012645,0.008735131,XP_001649325.2,uncharacterized LOC5564982,NA
5569420,LOC5569420,516.9331123,0.949170834,0.248045259,3.826603417,0.000129924,0.008927606,XP_001658512.3,gram-negative bacteria-binding protein 1,GO:0030246
5579098,LOC5579098,358.8877457,5.225875365,1.366222986,3.825053025,0.000130744,0.008936693,NR_176453.1,uncharacterized LOC5579098,NA
5579333,LOC5579333,86.44702794,1.828205217,0.479084262,3.816041067,0.00013561,0.009220766,XP_001647640.1,general odorant-binding protein 67,GO:0005549
110674120,LOC110674120,1469.747958,0.618334489,0.162304349,3.809722259,0.000139123,0.009394722,XP_021693514.1,mucin-5AC-like,NA
5571603,LOC5571603,1239.096079,-0.462862634,0.121610101,-3.806119964,0.000141164,0.009394722,XP_001653713.2,zinc finger protein 184,GO:0005634
5570139,LOC5570139,115986.9289,0.54246604,0.142513059,3.806430408,0.000140987,0.009394722,XP_001653121.1,40S ribosomal protein S8,GO:1990904
5572124,LOC5572124,72.16128255,4.772964464,1.25438188,3.805033013,0.000141785,0.009394722,XP_001660201.2,uncharacterized LOC5572124,GO:0005576
5571211,LOC5571211,4991.60047,-0.617802202,0.162239267,-3.807969632,0.000140112,0.009394722,XP_021708731.1,uncharacterized LOC5571211,NA
5569822,LOC5569822,858.9264205,0.429079336,0.112813768,3.803430606,0.000142706,0.009407729,XP_001653042.2,cytochrome P450 9b2,GO:0016020
5575731,LOC5575731,2462.957505,-0.541296986,0.142459598,-3.799652623,0.000144899,0.009456302,XP_021713117.1,transcriptional activator cubitus interruptus,NA
5577415,LOC5577415,5094.621613,-0.369988093,0.097352479,-3.80049996,0.000144404,0.009456302,XP_021700508.1,protein cappuccino,NA
5577934,LOC5577934,271.7392151,1.186313936,0.31247385,3.796522294,0.00014674,0.009481167,XP_001663604.2,uncharacterized LOC5577934,GO:0005576
5569192,LOC5569192,252.3615199,0.804937222,0.211957529,3.797634493,0.000146084,0.009481167,XP_021701066.1,protein odd-skipped,NA
110678544,LOC110678544,249.0328502,-0.709582748,0.187025616,-3.794040429,0.000148216,0.009529084,XR_002501718.1,uncharacterized LOC110678544,NA
110676778,LOC110676778,71.56253143,1.181557528,0.31155002,3.792513087,0.00014913,0.009540672,XP_021701627.1,uncharacterized LOC110676778,NA
5572220,LOC5572220,471.3092488,0.778990757,0.205550524,3.789777537,0.000150782,0.009599065,XP_001660288.1,uncharacterized LOC5572220,NA
5568329,LOC5568329,4449.745753,-0.452888755,0.119624683,-3.785913942,0.000153145,0.009616268,XP_001657984.1,integrator complex subunit 6,NA
5571596,LOC5571596,34902.55672,0.512490808,0.135375288,3.785704299,0.000153274,0.009616268,XP_001653723.1,arginine kinase,GO:0004054
5576264,LOC5576264,437.1951223,0.568254566,0.150077864,3.786398284,0.000152847,0.009616268,XP_001656030.2,plancitoxin-1,GO:0004531
5576653,LOC5576653,101335.5821,0.496611528,0.131378049,3.78001905,0.000156816,0.009791221,XP_001656190.1,40S ribosomal protein S23,GO:0015935
5579531,LOC5579531,1025.012183,1.187389301,0.314267195,3.778279496,0.000157916,0.009812678,XP_001647837.2,serine protease Hayan,GO:0004252
5569582,LOC5569582,59498.87673,0.51344652,0.136133415,3.771642093,0.000162177,0.009981941,XP_011492944.1,60S ribosomal protein L22,GO:1990904
110679109,LOC110679109,20.72918722,2.383395441,0.631904185,3.771767142,0.000162095,0.009981941,XP_021708773.1,protein ALP1-like,NA
5567542,LOC5567542,542.3474392,-0.659048732,0.174945864,-3.76715813,0.000165116,0.010114939,XP_021707618.1,probable chitinase 2,NA
110680301,LOC110680301,1307.67446,-0.38999871,0.103675185,-3.76173634,0.000168738,0.010240181,XP_021711829.1,serine/threonine-protein kinase ATR-like,NA
5570597,LOC5570597,3595.287874,0.454559548,0.120800174,3.762904754,0.000167951,0.010240181,XP_001653263.1,mitochondrial import inner membrane translocase subunit TIM44,GO:0005743
5572031,LOC5572031,2268.640788,0.685624323,0.18253667,3.7560909,0.000172588,0.010329036,XP_001660136.1,uncharacterized family 31 glucosidase KIAA1161,GO:0004553
5578693,LOC5578693,47.2100459,1.608162766,0.428123883,3.756302395,0.000172442,0.010329036,XP_021711058.1,serine protease 7,NA
5575644,LOC5575644,1592.448304,-0.446227881,0.118766256,-3.757194143,0.000171829,0.010329036,XP_021693741.1,scaffold protein salvador,NA
5569048,LOC5569048,1103.381633,0.662506168,0.176487659,3.753838498,0.000174147,0.010374533,XP_001652693.2,lipopolysaccharide-induced tumor necrosis factor-alpha factor homolog,GO:0010008
110674013,LOC110674013,2052.924182,0.395373142,0.105423564,3.750329866,0.000176602,0.010472746,XP_021700086.1,uncharacterized LOC110674013,NA
5568362,LOC5568362,1424.343245,2.298699844,0.613877272,3.744559296,0.000180711,0.010667681,XP_001658014.1,melanization protease 1,GO:0004252
5564093,LOC5564093,73.53898852,1.53376896,0.410075599,3.740210254,0.000183866,0.010804854,XP_021698438.1,cubilin homolog,NA
5573415,LOC5573415,4006.852953,-0.471813042,0.126266251,-3.736652024,0.000186487,0.010812067,XP_021694995.1,uncharacterized LOC5573415,NA
5568107,LOC5568107,273.0277848,0.67096239,0.179515017,3.737639343,0.000185756,0.010812067,XP_021696646.1,uncharacterized LOC5568107,NA
5573450,LOC5573450,3875.425255,-0.402747294,0.107731855,-3.738423464,0.000185178,0.010812067,XP_021703651.1,transcriptional regulator ATRX homolog,NA
5573031,LOC5573031,36182.47684,0.385543062,0.103259747,3.733720779,0.000188672,0.010890128,XP_001654358.1,uncharacterized LOC5573031,NA
110674126,LOC110674126,234.9396603,-0.691467484,0.186307518,-3.711430922,0.000206091,0.011782195,XR_002498688.1,uncharacterized LOC110674126,NA
5565553,LOC5565553,145049.8088,0.482762106,0.130085767,3.711106282,0.000206355,0.011782195,XR_002499796.1,uncharacterized LOC5565553,NA
5566843,LOC5566843,75569.54573,0.47373869,0.127675084,3.710502293,0.000206848,0.011782195,XP_001651256.1,60S ribosomal protein L35a,GO:0005840
5574026,LOC5574026,1381.068577,0.821841915,0.221573358,3.709118828,0.000207982,0.011795021,XP_001661117.2,serine protease snake,GO:0004252
5574485,LOC5574485,51110.83799,0.414692245,0.111844981,3.707741211,0.000209116,0.011807791,XP_001655146.1,40S ribosomal protein S11,GO:1990904
5567964,LOC5567964,18371.20824,0.995545747,0.268675866,3.70537839,0.000211075,0.011866823,XP_001657786.1,trypsin-1,GO:0004252
5578864,LOC5578864,1804.531457,0.642892751,0.173577092,3.703788008,0.000212404,0.011890034,XP_001664073.1,rutC family protein UK114,NA
5572102,LOC5572102,1537.389331,-0.393785362,0.106369203,-3.70206179,0.000213855,0.011919865,XP_021704675.1,mucin-12,NA
5576658,LOC5576658,16174.59701,0.477435725,0.129251284,3.693856723,0.000220878,0.012258745,XP_001656187.1,probable ribosome biogenesis protein RLP24,NA
110678423,LOC110678423,4877.163553,0.795119188,0.215477516,3.690033194,0.000224225,0.012391521,XP_021706974.1,uncharacterized family 31 glucosidase KIAA1161-like,NA
5577665,LOC5577665,382.3706128,0.946537359,0.2565924,3.688875267,0.000225248,0.0123953,XP_021693818.1,transmembrane protease serine 9,NA
5571019,LOC5571019,22.14925759,2.207747106,0.598969527,3.685908891,0.000227888,0.012487679,XP_001659455.2,UDP-glucuronosyltransferase 2B31,GO:0016020
5580019,LOC5580019,8936.471778,0.443768224,0.120479889,3.68333858,0.000230199,0.012561325,XP_001653901.2,uncharacterized LOC5580019,GO:0005634
5565544,LOC5565544,133364.3406,0.390800349,0.106132095,3.682207037,0.000231224,0.012564434,XP_001649911.1,"ADP,ATP carrier protein 1",GO:0005743
5568593,LOC5568593,523.0657465,0.566333968,0.153882831,3.680293406,0.000232966,0.012606359,XP_001652425.2,drebrin-like protein,GO:0043226
110676831,LOC110676831,99716.05207,0.534456926,0.145606212,3.670564046,0.000242016,0.012987849,XP_021701850.1,60S ribosomal protein L10,NA
5569968,LOC5569968,26880.27766,0.468129469,0.12751435,3.671190494,0.000241423,0.012987849,XP_021710058.1,protein scylla,NA
5565550,LOC5565550,609.842454,-0.63917097,0.174294205,-3.667195756,0.000245225,0.013051167,XP_001649910.1,DAZ-associated protein 2,GO:0005737
5568762,LOC5568762,1447.626127,-0.388269089,0.105846715,-3.668220492,0.000244245,0.013051167,XP_021695264.1,uncharacterized LOC5568762,NA
110677006,LOC110677006,1075.237612,3.273817925,0.892980449,3.666169766,0.000246211,0.013051167,XP_021703013.1,microfibril-associated glycoprotein 4-like,NA
5571255,LOC5571255,938.7408303,0.560325827,0.153068294,3.660626318,0.000251599,0.013258134,XP_021695937.1,potassium voltage-gated channel subfamily H member 6,NA
110679361,LOC110679361,238.4939911,-0.667076493,0.182258374,-3.660059495,0.000252157,0.013258134,XP_021709466.1,uncharacterized LOC110679361,NA
5573035,LOC5573035,1524.690764,-0.444074023,0.121398219,-3.657994535,0.000254196,0.01331149,XP_021693722.1,neurogenic locus Notch protein,NA
110674324,LOC110674324,463.4651306,0.849101668,0.232220052,3.656452831,0.000255729,0.013337985,XP_021694306.1,putative nuclease HARBI1,NA
5566772,LOC5566772,44893.27057,0.556441356,0.152292378,3.653770214,0.000258418,0.013365409,XP_001651180.1,60S ribosomal protein L35,GO:0022625
23687618,LOC23687618,41254.19596,0.372116699,0.101850989,3.653540361,0.000258649,0.013365409,XP_011493218.1,probable 60S ribosomal protein L37-A,GO:1990904
5578138,LOC5578138,76.04217481,-1.566905744,0.42895395,-3.652853049,0.000259343,0.013365409,XP_021707709.1,protein embryonic gonad,NA
5563617,LOC5563617,262.9534564,1.225660941,0.335706711,3.650987305,0.000261234,0.013389053,XP_021704443.1,serine protease easter,NA
5570041,LOC5570041,20334.55163,-0.316981819,0.086835544,-3.650369472,0.000261863,0.013389053,XP_021710662.1,uncharacterized LOC5570041,NA
110678483,LOC110678483,54.99171011,-1.134927865,0.311124935,-3.647820338,0.000264474,0.013469529,XP_021707125.1,uncharacterized LOC110678483,NA
5572641,LOC5572641,300.6758947,0.591081215,0.162116817,3.646020352,0.000266333,0.013478492,XP_001654139.1,uncharacterized LOC5572641,GO:0016020
5571662,LOC5571662,3721.770333,-0.332196615,0.091121594,-3.645640969,0.000266726,0.013478492,XP_001653748.2,structural maintenance of chromosomes protein 4,GO:0005694
5577423,LOC5577423,10296.79658,0.350178123,0.096236424,3.638727506,0.000273989,0.013633291,XP_021711870.1,nuclear protein 1,NA
5567118,LOC5567118,1841.389889,0.580099291,0.159347491,3.640467047,0.000272144,0.013633291,XP_001651535.2,ester hydrolase C11orf54 homolog,GO:0005634
5577896,LOC5577896,1622.415371,0.722810807,0.198511997,3.641144201,0.000271429,0.013633291,XP_021702830.1,serine-rich adhesin for platelets,NA
110677764,LOC110677764,61989.65535,0.530564076,0.145780733,3.639466368,0.000273204,0.013633291,XP_021704810.1,60S ribosomal protein L13a-like,NA
5576882,LOC5576882,4607.250982,0.541659203,0.148904335,3.637632192,0.000275156,0.013639125,XP_001662982.2,opsin-3,GO:0016020
110674146,LOC110674146,456.5731184,0.656504319,0.180603509,3.635058503,0.000277918,0.013675374,XP_021693643.1,zinc finger protein 777-like,NA
5569655,LOC5569655,5604.056278,-0.373413093,0.102727454,-3.634988276,0.000277993,0.013675374,XP_001652918.2,ataxin-2 homolog,NA
5566018,LOC5566018,1643.201829,0.662440327,0.182434815,3.631106961,0.000282208,0.013830331,XP_001650384.2,zinc finger protein GLI2,GO:0005634
5572334,LOC5572334,290.5859134,1.007361583,0.277779324,3.626481513,0.000287309,0.014027394,XP_021713120.1,serine protease 7,NA
5579826,LOC5579826,1269.05039,-0.648464784,0.179028217,-3.622137314,0.000292179,0.014211715,XP_001651057.2,uncharacterized LOC5579826,NA
5563725,LOC5563725,3531.220485,0.898987621,0.24832428,3.620216358,0.000294357,0.014256303,XP_021698111.1,serine protease inhibitor 27A,NA
110680930,LOC110680930,141.4762602,-1.592422539,0.439969099,-3.619396323,0.000295291,0.014256303,XP_021712403.1,uncharacterized protein C9orf78 homolog,NA
5565714,LOC5565714,47.74783842,1.747680732,0.483603167,3.613873628,0.000301656,0.01450966,XP_021701630.1,toll-like receptor 13,NA
5570115,LOC5570115,1050.589917,0.747901365,0.207220492,3.609205615,0.000307136,0.014588185,XP_001653095.2,myeloblastin,GO:0004252
5566959,LOC5566959,114495.5862,0.531340755,0.147317484,3.606773207,0.000310028,0.014588185,XP_021702823.1,60S ribosomal protein L7a,NA
5570506,LOC5570506,431.3130872,-0.58634391,0.162457023,-3.609224754,0.000307113,0.014588185,XP_001659194.1,cyclin-dependent kinase 4,GO:0005524
5564718,LOC5564718,600.2235763,0.761032466,0.210993371,3.606902264,0.000309874,0.014588185,XP_021697022.1,zwei Ig domain protein zig-8,NA
110677143,LOC110677143,122.6802641,0.910414355,0.252288182,3.608628629,0.00030782,0.014588185,XP_021703640.1,mediator of RNA polymerase II transcription subunit 15-like,NA
5570366,LOC5570366,1771.291158,0.440245427,0.12193272,3.610560204,0.000305536,0.014588185,XP_001659087.2,uncharacterized LOC5570366,NA
23687941,LOC23687941,4410.306336,-0.408522873,0.113373737,-3.603329002,0.000314167,0.014676593,XP_021694763.1,protein ovo,NA
5578241,LOC5578241,89.48874901,1.229172228,0.341034419,3.60424684,0.000313059,0.014676593,XP_021702587.1,uncharacterized LOC5578241,NA
5579486,LOC5579486,520.3346609,1.035110777,0.287416009,3.601437442,0.000316463,0.014730823,XP_001647783.2,chymotrypsin-2,GO:0004252
5577309,LOC5577309,79262.43154,0.48653597,0.135134068,3.600394602,0.000317735,0.014737212,XP_001663344.1,40S ribosomal protein S3a,GO:0022627
5578867,LOC5578867,635.0852924,0.623097556,0.173158294,3.598427432,0.000320147,0.014796267,XP_001664078.2,putative ankyrin repeat protein RF_0381,NA
5564448,LOC5564448,557.9348069,-0.706323672,0.196440284,-3.595615197,0.000323626,0.014904005,XP_021697773.1,sialin,NA
5565032,LOC5565032,671.1985773,0.409073612,0.11384702,3.593186832,0.000326658,0.014990494,XP_001649389.2,glycolipid transfer protein,GO:0005737
5569206,LOC5569206,44.13528683,2.567321521,0.714993976,3.590689724,0.000329804,0.015037997,XP_021698876.1,cartilage oligomeric matrix protein,NA
5563550,LOC5563550,187.6238451,1.238268709,0.344870955,3.590527683,0.000330009,0.015037997,XP_001647864.2,serine protease easter,GO:0005576
5571544,LOC5571544,6872.02659,0.656480394,0.183030208,3.586732483,0.000334848,0.015205122,XP_021703132.1,probable cytochrome P450 6d4,NA
110681370,LOC110681370,2427.01094,-0.460618551,0.12846996,-3.585418342,0.000336538,0.015228651,XP_021712808.1,uncharacterized LOC110681370,NA
5569670,LOC5569670,2911.198357,0.493678571,0.137729339,3.584411085,0.00033784,0.015234456,XP_001652933.1,40S ribosomal protein S29,GO:0005829
5572968,LOC5572968,137864.8062,0.504168597,0.140855552,3.579330668,0.000344475,0.015479936,XP_001654299.1,40S ribosomal protein S2,GO:0015935
5572241,LOC5572241,9511.930686,-0.407740923,0.114095239,-3.573689199,0.000351987,0.015708767,XP_021707226.1,histone-lysine N-methyltransferase ash1,NA
5563678,LOC5563678,220.101805,-0.862162227,0.241202085,-3.574439362,0.000350979,0.015708767,XR_002502420.1,uncharacterized LOC5563678,NA
5569145,LOC5569145,24646.03205,0.497179404,0.139248888,3.570437158,0.000356386,0.015849087,XP_021699736.1,uncharacterized LOC5569145,NA
5571107,LOC5571107,6256.797543,-0.331421356,0.092846372,-3.569567112,0.000357572,0.015849087,XP_021711462.1,zinc finger protein 665,NA
5563947,LOC5563947,1876.267771,-0.386119104,0.108249424,-3.566939116,0.000361175,0.015954368,XP_021695396.1,DDB1- and CUL4-associated factor 5,NA
5573316,LOC5573316,7061.993263,-0.366230337,0.102753701,-3.56415713,0.000365027,0.015964478,XP_001654536.2,probable histone-lysine N-methyltransferase Mes-4,GO:0005634
5572184,LOC5572184,4769.251157,-0.343128776,0.096254388,-3.564811792,0.000364117,0.015964478,XP_021710216.1,ecdysone receptor,NA
110678987,LOC110678987,834.1111631,0.613611137,0.172163888,3.5641106,0.000365092,0.015964478,XP_021708467.1,uncharacterized LOC110678987,NA
5575674,LOC5575674,306.3882094,1.271195341,0.356981816,3.560952646,0.000369512,0.016103519,XP_001662125.1,testisin,GO:0004252
5576566,LOC5576566,589.8841483,-0.493202959,0.138657044,-3.55699894,0.000375116,0.016293068,XP_021693645.1,uncharacterized LOC5576566,NA
5575053,LOC5575053,176.3678409,1.815388744,0.510655079,3.555019459,0.000377951,0.016307147,NR_176625.1,uncharacterized LOC5575053,NA
5573827,LOC5573827,47115.10389,0.493135841,0.138713256,3.555073642,0.000377873,0.016307147,XP_001654856.1,40S ribosomal protein S19a,GO:1990904
5580084,LOC5580084,545.9910049,0.922864863,0.259820837,3.551927834,0.00038242,0.016445315,XP_001654840.2,putative hydroxypyruvate isomerase,GO:0008903
5571641,LOC5571641,3259.723697,1.007138271,0.283788624,3.548902902,0.00038684,0.016580486,XP_001653727.1,laccase-2,GO:0005507
5564713,LOC5564713,88092.7191,0.582449467,0.164219485,3.546774401,0.000389978,0.016605407,XP_001649058.1,60S acidic ribosomal protein P2,GO:0022625
5567062,LOC5567062,7606.773368,-0.301394177,0.08497045,-3.547046949,0.000389575,0.016605407,XP_021712857.1,negative elongation factor A,NA
5575143,LOC5575143,2655.375441,0.421904809,0.119016045,3.544940601,0.000392702,0.016666717,XP_021697917.1,"glycine cleavage system H protein, mitochondrial",NA
5570402,LOC5570402,145.3949781,-1.367143011,0.386159468,-3.540358644,0.000399584,0.016892088,XR_002499182.1,uncharacterized LOC5570402,NA
110674235,LOC110674235,53.14205905,-1.468452884,0.414854753,-3.539679547,0.000400613,0.016892088,XR_002498755.1,uncharacterized LOC110674235,NA
5566785,LOC5566785,1324.607689,3.858888903,1.092107229,3.53343408,0.000410198,0.017184665,XP_001651192.2,perlucin,NA
5575852,LOC5575852,2048.29723,0.492420376,0.139354248,3.533587118,0.000409961,0.017184665,XP_001662263.2,FAD-dependent oxidoreductase domain-containing protein 1,GO:0016491
5569214,LOC5569214,971.5100492,0.642881172,0.182442088,3.523754743,0.000425478,0.017767464,XP_001658387.1,probable cytochrome P450 308a1,GO:0020037
5580160,LOC5580160,87.04785981,-1.235641126,0.350834949,-3.522001239,0.000428302,0.017828077,XP_001661637.1,uncharacterized LOC5580160,GO:0016020
5575395,LOC5575395,1433.099011,0.550667021,0.156400451,3.520878734,0.000430119,0.017846514,XP_001661914.1,erythrocyte band 7 integral membrane protein,GO:0005886
110677076,LOC110677076,327.35362,0.755957582,0.215052111,3.515229765,0.000439374,0.018172439,XP_021703371.1,uncharacterized LOC110677076,NA
110676079,LOC110676079,80.70693784,1.395916829,0.397213006,3.514277752,0.000440951,0.0181798,XR_002500051.1,uncharacterized LOC110676079,NA
5573042,LOC5573042,38.2383178,-1.690207891,0.481243285,-3.512169297,0.000444465,0.018266658,XP_021695213.1,cyclic nucleotide-gated cation channel alpha-3,NA
5577998,LOC5577998,3677.820154,-0.359328811,0.102347705,-3.510863405,0.000446654,0.018298718,XP_001656736.2,uncharacterized LOC5577998,NA
110678695,LOC110678695,810.2180923,0.73263645,0.208726944,3.510023361,0.000448067,0.018298901,XP_021707601.1,fibroleukin-like,NA
5571846,LOC5571846,40791.61385,0.481003669,0.137085859,3.508776716,0.000450173,0.018327249,XR_002500882.1,60S ribosomal protein L34,NA
5567298,LOC5567298,5377.266928,-0.354833507,0.101179932,-3.506955373,0.000453265,0.018395483,XP_021704230.1,mucin-5B,NA
5569081,LOC5569081,1119.781222,-0.479007305,0.136769064,-3.50230739,0.000461247,0.018488323,XP_001658311.1,engulfment and cell motility protein 1,GO:0005737
5564353,LOC5564353,7284.390624,-0.349928328,0.099882579,-3.503396994,0.000459364,0.018488323,XP_001648704.1,glycogen [starch] synthase,GO:0004373
5572856,LOC5572856,1238.333917,-0.376408001,0.107452169,-3.503028425,0.00046,0.018488323,XP_021711133.1,serine/threonine-protein kinase ATR,NA
5570044,LOC5570044,5478.204255,-0.458900751,0.130961488,-3.504089303,0.000458172,0.018488323,XP_001658934.2,uncharacterized LOC5570044,NA
5578262,LOC5578262,517.767349,-1.141112956,0.325927853,-3.501121322,0.000463305,0.018513663,XP_021699674.1,Down syndrome cell adhesion molecule-like protein Dscam2,NA
5575770,LOC5575770,2111.417248,-0.460965399,0.131707845,-3.499908455,0.000465418,0.018541052,XP_021695628.1,uncharacterized LOC5575770,NA
5579458,LOC5579458,2447.647511,0.433926425,0.124367013,3.489079743,0.000484687,0.019249615,XP_021696193.1,lysozyme c-1,NA
5569186,LOC5569186,5275.990443,-0.364877192,0.104634536,-3.487158322,0.000488182,0.019329339,XP_001652769.2,protein Gawky,GO:0003676
5567128,LOC5567128,962.3334517,-0.520547155,0.149356199,-3.485273174,0.000491635,0.019406875,XP_001651546.2,DNA polymerase theta,GO:0005524
5574845,LOC5574845,133.1068369,0.919898987,0.264135493,3.482678434,0.000496424,0.019418861,XP_001661669.2,clavesin-1,NA
5571432,LOC5571432,1756.857317,-0.399257899,0.114625515,-3.483150326,0.00049555,0.019418861,XP_001659684.1,G1/S-specific cyclin-E,GO:0043229
5569935,LOC5569935,1977.080988,-0.519522584,0.149110605,-3.484142429,0.000493717,0.019418861,XP_021703073.1,histone-lysine N-methyltransferase Suv4-20,NA
110676785,LOC110676785,87.64157846,1.581808191,0.454380584,3.48124072,0.000499097,0.019464772,XP_021701632.1,uncharacterized LOC110676785,NA
5573487,LOC5573487,5776.968815,-0.367629465,0.105830666,-3.4737518,0.000513236,0.019900293,XP_021713334.1,nuclear pore complex protein Nup205,NA
5568798,LOC5568798,356.0987218,0.4836505,0.13928449,3.472393084,0.00051584,0.019900293,XP_021703147.1,potassium voltage-gated channel protein Shaw,NA
5576246,LOC5576246,1093.220088,0.635319979,0.182915815,3.473291679,0.000514116,0.019900293,XP_021705485.1,CCAAT/enhancer-binding protein,NA
5571918,LOC5571918,3831.678948,-0.371012121,0.106855081,-3.47210557,0.000516393,0.019900293,XP_021708616.1,putative helicase MOV-10,NA
5574288,LOC5574288,2777.132017,-0.391685024,0.112962172,-3.467399889,0.000525519,0.020192074,XP_001661330.2,condensin complex subunit 3,GO:0000796
5578392,LOC5578392,8748.883446,0.324407722,0.093604972,3.465710367,0.000528833,0.020199851,XP_001663859.2,uncharacterized LOC5578392,NA
5575487,LOC5575487,894.2998414,0.678295917,0.195706035,3.465891666,0.000528476,0.020199851,XP_021709351.1,ATP-binding cassette sub-family G member 4,NA
5566522,LOC5566522,47179.07381,0.418995612,0.120958248,3.463968938,0.000532268,0.020271449,XP_001650915.1,60S ribosomal protein L38,GO:1990904
110678992,LOC110678992,190.6756395,0.99690847,0.287985249,3.461665047,0.000536845,0.020385976,XP_021708484.1,uncharacterized LOC110678992,NA
5576160,LOC5576160,122.828224,3.52317043,1.018289398,3.459891104,0.000540394,0.020460919,XP_001662503.1,perlucin-like protein,NA
5570373,LOC5570373,260.2438827,1.006052671,0.291001337,3.45720979,0.0005458,0.020605528,XP_001659089.2,uncharacterized LOC5570373,NA
5577659,LOC5577659,123.8380758,1.172382597,0.339597228,3.452273759,0.000555883,0.020925386,XP_001656657.2,melanization protease 1,GO:0005576
5569483,LOC5569483,599.3965146,-0.769336127,0.2237986,-3.437627068,0.000586835,0.021626437,XP_001658568.1,uncharacterized LOC5569483,NA
5574255,LOC5574255,1600.511955,0.392670515,0.114166023,3.439469153,0.000582856,0.021626437,XP_001661310.1,paxillin,GO:0046872
5568471,LOC5568471,26039.44545,0.354700301,0.103088342,3.440741166,0.000580123,0.021626437,XP_001652301.1,14-3-3 protein zeta,GO:0005737
110675493,LOC110675493,41851.00271,0.476797356,0.138635072,3.439226092,0.00058338,0.021626437,XP_021696321.1,60S ribosomal protein L28,NA
5573780,LOC5573780,3179.784608,0.380140546,0.110537818,3.439008962,0.000583848,0.021626437,XP_001654797.1,protein FAM133A,GO:0008083
5572301,LOC5572301,429.3515391,0.668865494,0.194626258,3.436666265,0.000588921,0.021626437,XP_001653989.2,chaoptin,NA
5573851,LOC5573851,12233.55177,0.294909176,0.085801834,3.437096428,0.000587986,0.021626437,XP_001654878.1,thioredoxin-2,GO:0015035
5571584,LOC5571584,6080.595791,0.407712702,0.118645204,3.436402724,0.000589494,0.021626437,XP_001659792.2,extended synaptotagmin-2,GO:0005789
5574193,LOC5574193,1697.027394,0.640270738,0.186112199,3.440240581,0.000581197,0.021626437,XP_001661250.1,peroxiredoxin-6,GO:0051920
5577566,LOC5577566,36465.29378,0.438112438,0.127576135,3.434125326,0.000594469,0.021747528,XP_001663436.1,60S ribosomal protein L37a,GO:0005840
5578692,LOC5578692,1703.886938,1.040012557,0.303211915,3.429985779,0.000603613,0.021943548,XP_021711033.1,serine protease easter,NA
5573117,LOC5573117,1634.989125,0.461031506,0.134388022,3.430599691,0.000602249,0.021943548,XP_001660726.1,"probable cytochrome P450 12a4, mitochondrial",GO:0020037
5571894,LOC5571894,2382.984307,-0.356215578,0.103870825,-3.429409357,0.000604896,0.021943548,XP_001653808.2,bifunctional lysine-specific demethylase and histidyl-hydroxylase NO66,GO:0005634
5571242,LOC5571242,742.9257557,2.09809838,0.612374775,3.426167217,0.000612163,0.022145309,XP_021708112.1,hornerin,NA
5567544,LOC5567544,1703.844186,0.844522573,0.24660157,3.424643938,0.000615606,0.022207974,XP_001657539.2,proclotting enzyme,GO:0004252
5571712,LOC5571712,14983.43087,0.661953428,0.193475304,3.421384613,0.000623032,0.022413603,XP_001659851.2,serine protease SP24D,GO:0004252
5567452,LOC5567452,30235.08924,-0.312503244,0.091394588,-3.419275163,0.000627882,0.0225257,XP_021708553.1,uncharacterized LOC5567452,NA
110674773,LOC110674773,132.8845387,-0.897891469,0.262945252,-3.414746838,0.000638413,0.022591477,XP_021694757.1,uncharacterized LOC110674773,NA
110677736,LOC110677736,118.4530377,0.901647462,0.263830233,3.417528966,0.000631924,0.022591477,XP_021704659.1,uncharacterized LOC110677736,NA
5569793,LOC5569793,1917.357433,-0.434064356,0.127113819,-3.414769215,0.000638361,0.022591477,XP_001653014.2,nuclear hormone receptor FTZ-F1 beta,GO:0005634
5570017,LOC5570017,1421.826351,0.380834924,0.111477364,3.416253412,0.000634891,0.022591477,XP_001658907.1,transmembrane emp24 domain-containing protein 2,GO:0016020
5564748,LOC5564748,349.6112589,0.703731725,0.206070522,3.415004323,0.00063781,0.022591477,XP_001649101.2,probable cytochrome P450 9f2,GO:0005789
5574155,LOC5574155,374.532957,0.655748629,0.192182484,3.412114434,0.00064461,0.02259599,XP_001655062.1,uncharacterized protein C9orf78,GO:0005634
5565252,LOC5565252,2455.186842,-0.30311478,0.088800025,-3.413453772,0.00064145,0.02259599,XP_001649592.2,uncharacterized LOC5565252,GO:0003677
5569858,LOC5569858,251.361995,0.669342835,0.196188206,3.411738394,0.0006455,0.02259599,XP_021701982.1,glutathione S-transferase 1,NA
5575688,LOC5575688,1074.454679,0.486679526,0.14259739,3.412962369,0.000642608,0.02259599,XP_001662137.2,uncharacterized LOC5575688,NA
110680600,LOC110680600,940.5305504,-0.426888783,0.125306582,-3.406754657,0.000657402,0.022950749,XP_021712093.1,uncharacterized LOC110680600,NA
5573254,LOC5573254,627.8682456,0.903049557,0.265204025,3.405112568,0.000661368,0.023027304,XP_001654464.1,alpha-tocopherol transfer protein-like,NA
5570330,LOC5570330,149.6484083,3.911075734,1.148849864,3.404340162,0.000663241,0.023030779,XP_021699494.1,glycine-rich cell wall structural protein,NA
5567410,LOC5567410,839.6738309,0.499358303,0.146755765,3.402648641,0.00066736,0.023112026,XP_021710610.1,shootin-1,NA
5564570,LOC5564570,785.3355114,0.744569833,0.219244725,3.396067262,0.000683616,0.02361201,XP_001648916.2,seminal metalloprotease 1,GO:0004222
5574604,LOC5574604,6107.453197,0.432275718,0.127396331,3.393156742,0.000690921,0.023801034,XP_001655221.1,"troponin T, skeletal muscle",GO:0005861
5578052,LOC5578052,5064.574971,-0.343334405,0.101395236,-3.386099958,0.000708936,0.024101953,XP_021695953.1,rho guanine nucleotide exchange factor 18,NA
5569441,LOC5569441,4005.31526,-0.34095408,0.100657641,-3.387264775,0.000705932,0.024101953,XP_021702400.1,HEAT repeat-containing protein 1 homolog,NA
5566594,LOC5566594,72.01431509,-1.036287685,0.305983906,-3.386739186,0.000707286,0.024101953,XP_021705105.1,kinesin-like protein KIF12,NA
5575463,LOC5575463,40.61107605,-1.336848282,0.394545521,-3.388324568,0.00070321,0.024101953,XP_021707526.1,SET and MYND domain-containing protein 4,NA
110680488,LOC110680488,15.23593628,2.806788622,0.828662616,3.387130742,0.000706277,0.024101953,XP_021711983.1,protein ALP1-like,NA
5565214,LOC5565214,70.79312316,1.514501067,0.447534027,3.384102608,0.000714113,0.024214587,XP_021706966.1,uncharacterized LOC5565214,NA
5571276,LOC5571276,3266.698024,0.418440259,0.123720197,3.382149949,0.000719209,0.02428991,XP_001653574.1,splicing factor 3A subunit 2,GO:0016020
5574396,LOC5574396,466.1057284,0.634624258,0.187657652,3.381819241,0.000720075,0.02428991,XP_001655104.1,sorbitol dehydrogenase,GO:0016020
5571466,LOC5571466,10313.17817,0.396936711,0.117482944,3.378675202,0.00072836,0.024505731,XP_001659715.1,eukaryotic translation initiation factor 3 subunit F,GO:0016282
5570317,LOC5570317,4997.879538,-0.320522154,0.094893683,-3.377697479,0.000730954,0.024529472,XP_001653143.2,DNA polymerase alpha catalytic subunit,GO:0042575
5564012,LOC5564012,2240.109313,0.393018949,0.116506428,3.373367071,0.000742549,0.024582508,XP_001648334.2,mitochondrial amidoxime-reducing component 1,GO:0030151
5568345,LOC5568345,831.6371371,-0.480129638,0.142304523,-3.373959082,0.000740954,0.024582508,XP_021710678.1,uncharacterized LOC5568345,NA
5577316,LOC5577316,1396.941186,0.540655714,0.160295474,3.372869493,0.000743892,0.024582508,XP_021699018.1,uncharacterized LOC5577316,NA
5570243,LOC5570243,64097.79425,0.468021976,0.138684494,3.374724622,0.000738896,0.024582508,XP_001659022.1,40S ribosomal protein S3,GO:0005737
5565795,LOC5565795,4537.179647,0.407473631,0.120720631,3.375343791,0.000737235,0.024582508,XP_021706105.1,leukocyte elastase inhibitor,NA
5568504,LOC5568504,750.8698097,0.771618241,0.228601364,3.375387745,0.000737118,0.024582508,XP_001652329.1,calmodulin,GO:0005509
110677010,LOC110677010,119.1610471,0.957605248,0.28404603,3.371303046,0.000748135,0.024610485,XP_021703035.1,uncharacterized LOC110677010,NA
5566494,LOC5566494,3244.691472,-0.354327209,0.105135125,-3.370207705,0.000751115,0.024610485,XP_021697881.1,putative uncharacterized protein DDB_G0282133,NA
5569608,LOC5569608,740.3385858,0.864617036,0.256580686,3.369766637,0.000752319,0.024610485,XP_001652888.1,uncharacterized LOC5569608,NA
5579933,LOC5579933,721.539417,0.637998164,0.189320602,3.369935216,0.000751859,0.024610485,XP_001652222.1,probable cytochrome P450 9f2,GO:0016020
5565121,LOC5565121,6932.418016,0.652289956,0.193708507,3.367378991,0.000758863,0.024762203,XP_001649465.2,homocysteine-responsive endoplasmic reticulum-resident ubiquitin-like domain member 2 protein,GO:0016020
5576227,LOC5576227,480.5217028,-0.475884962,0.141427037,-3.364879671,0.00076577,0.024924965,XP_001656005.2,actin-related protein 5,GO:0005634
5571275,LOC5571275,10822.5773,0.813331871,0.2418506,3.36295163,0.000771139,0.025036947,XP_021695905.1,neurogenic locus notch homolog protein 1,NA
5573257,LOC5573257,452.7584118,0.50569698,0.150458013,3.36105049,0.000776466,0.025147052,XP_001654468.1,alpha-tocopherol transfer protein,NA
5573022,LOC5573022,22.6131852,2.030654618,0.604660568,3.358338089,0.000784126,0.025331965,XP_001660676.2,trypsin 5G1-like,GO:0004252
5573497,LOC5573497,35.96884971,-1.428975232,0.42625675,-3.352381473,0.000801195,0.025691666,XP_001660907.2,maltase 2,GO:0005975
110677919,LOC110677919,71394.05049,0.450709566,0.134432844,3.352674475,0.000800348,0.025691666,XP_021705626.1,60S ribosomal protein L27a,NA
110680323,LOC110680323,71.74146356,1.102194181,0.328719482,3.35299318,0.000799427,0.025691666,XR_002502836.1,uncharacterized LOC110680323,NA
5567111,LOC5567111,3590.135387,0.340133955,0.101622212,3.347043415,0.000816784,0.026036245,XP_021694817.1,cytosolic purine 5'-nucleotidase,NA
5569484,LOC5569484,2976.997135,-0.305932548,0.091498892,-3.343565603,0.000827091,0.026036245,XP_001658569.2,uncharacterized LOC5569484,NA
5570841,LOC5570841,4414.686851,-0.324084126,0.096834533,-3.34678256,0.000817553,0.026036245,XP_021693038.1,protein hairless,NA
5570789,LOC5570789,22.00532876,1.869523788,0.558641241,3.346555269,0.000818224,0.026036245,XP_001653288.2,UDP-glucuronosyltransferase 2B20,GO:0016020
5573862,LOC5573862,13002.9257,0.394776131,0.118080917,3.343267827,0.000827979,0.026036245,XP_001654893.1,sodium/potassium-transporting ATPase subunit beta-2,GO:0005890
5573737,LOC5573737,6822.590101,-0.373784928,0.11177956,-3.343947043,0.000825955,0.026036245,XP_001654763.2,uncharacterized LOC5573737,NA
5577478,LOC5577478,85255.00452,0.463340489,0.138502946,3.345347529,0.000821795,0.026036245,XP_001656504.1,60S ribosomal protein L10a,GO:0015934
5578089,LOC5578089,2695.263376,0.915203818,0.273582109,3.34526195,0.000822049,0.026036245,XP_001656785.2,maltase A3,GO:0005975
5566107,LOC5566107,447.3438212,0.894866089,0.267778459,3.34181507,0.000832325,0.026046757,XP_001650475.2,venom carboxylesterase-6,NA
5570135,LOC5570135,1088.561652,1.184393663,0.354379201,3.342164725,0.000831277,0.026046757,XP_001653116.2,"keratin, type I cytoskeletal 9",NA
110676569,LOC110676569,3771.187588,0.459836044,0.137733524,3.338592032,0.000842041,0.026287477,XR_002500523.1,uncharacterized LOC110676569,NA
5571407,LOC5571407,4289.702376,-0.376904179,0.112962332,-3.336547422,0.00084826,0.026418098,XP_001653659.2,ras guanine nucleotide exchange factor P,GO:0005634
5577892,LOC5577892,2576.708115,-0.327569959,0.098264531,-3.333552348,0.000857445,0.026597564,XP_001663598.1,deformed epidermal autoregulatory factor 1,GO:0003677
5570576,LOC5570576,2247.449947,-0.356667206,0.107000135,-3.333334172,0.000858118,0.026597564,XP_001653228.2,uncharacterized LOC5570576,NA
5578706,LOC5578706,979.8680937,-0.488241445,0.146616757,-3.330052143,0.000868297,0.026848813,XP_021695107.1,protein RCC2 homolog,NA
5566117,LOC5566117,227.9092782,1.143780402,0.343551082,3.329287726,0.000870684,0.026848813,XP_021695405.1,microfibril-associated glycoprotein 4,NA
5567163,LOC5567163,57175.25797,0.544437183,0.163556977,3.328731014,0.000872426,0.026848813,XP_021710111.1,40S ribosomal protein S3a,NA
5574993,LOC5574993,22383.0268,0.467318507,0.140607267,3.32357293,0.000888722,0.027285651,XP_001655466.1,60S ribosomal protein L10,GO:1990904
110679167,LOC110679167,21.234047,-1.836902097,0.552970281,-3.321882134,0.000894125,0.027353074,XR_002502275.1,uncharacterized LOC110679167,NA
5579095,LOC5579095,3616.362253,3.525731691,1.061465915,3.321568448,0.00089513,0.027353074,XP_001657289.2,defensin-A-like,GO:0005576
5575895,LOC5575895,913.5186713,-0.398704565,0.120103782,-3.319667018,0.000901249,0.027395302,XP_001655900.1,zinc finger protein 93,GO:0005634
5575179,LOC5575179,863.0859155,0.41165348,0.124002606,3.319716349,0.00090109,0.027395302,XP_021702276.1,RNA-binding protein FUS,NA
110677123,LOC110677123,3402.642934,0.604766717,0.182203963,3.319174324,0.00090284,0.027395302,XP_021703537.1,drosulfakinins,NA
110680442,LOC110680442,155.8521099,0.918985586,0.276928313,3.318496321,0.000905035,0.027397882,XR_002502878.1,uncharacterized LOC110680442,NA
5572556,LOC5572556,3740.110456,-0.390245745,0.117635948,-3.317402124,0.000908587,0.027441453,XP_001654069.2,protein kinase C-binding protein 1,GO:0046872
5563966,LOC5563966,7716.443613,0.360816687,0.108830791,3.315391559,0.000915148,0.027575481,XP_021710641.1,"glucose dehydrogenase [FAD, quinone]",NA
5579160,LOC5579160,6478.176847,-0.329390234,0.09948953,-3.310802996,0.000930287,0.027941424,XP_021694164.1,uncharacterized LOC5579160,NA
110675802,LOC110675802,111.1004155,0.756308873,0.228483727,3.310121394,0.000932555,0.027941424,XR_002499811.1,uncharacterized LOC110675802,NA
5568503,LOC5568503,8857.515461,0.315142041,0.095215872,3.309763755,0.000933747,0.027941424,XP_001652323.1,myophilin,NA
5564607,LOC5564607,1973.178098,0.366604986,0.110963245,3.303841618,0.000953697,0.028472787,XP_021713379.1,probable sodium/potassium/calcium exchanger CG1090,NA
5574334,LOC5574334,360.9954091,-0.818299788,0.247735772,-3.303115178,0.000956171,0.028481178,XP_021698917.1,DNA repair and recombination protein RAD54B,NA
5564212,LOC5564212,25568.34212,0.454809374,0.137721482,3.302385134,0.000958663,0.028490073,XP_001648594.1,60S ribosomal protein L29,GO:1990904
5577290,LOC5577290,411.6768033,0.753340352,0.228323986,3.299435874,0.000968794,0.028587742,XP_001656391.2,serine protease 53,GO:0004252
5563592,LOC5563592,3797.596934,0.534952161,0.162097298,3.300191726,0.000966188,0.028587742,XP_001647928.1,60S ribosomal protein L36,GO:1990904
5563616,LOC5563616,3506.064139,0.62084924,0.188160501,3.299572626,0.000968322,0.028587742,XP_001647865.1,serine protease easter,GO:0005576
5570998,LOC5570998,51.1759399,-1.512453093,0.458476368,-3.298868157,0.000970755,0.028587742,XP_021706986.1,uncharacterized LOC5570998,NA
5563900,LOC5563900,2508.023266,0.37593211,0.113991049,3.29790904,0.000974077,0.028620669,XP_021708791.1,guanine nucleotide-binding protein G(s) subunit alpha,NA
5564513,LOC5564513,4888.252924,-0.328605384,0.099703382,-3.295829877,0.000981314,0.028768234,XP_021701093.1,protein rigor mortis,NA
5567680,LOC5567680,494809.5184,0.47542932,0.144377008,3.292971133,0.000991347,0.028996886,XP_001657619.2,opsin-1,GO:0016020
5565905,LOC5565905,27.7752981,1.720742229,0.522989426,3.290204629,0.001001145,0.029130621,XP_021703846.1,uncharacterized LOC5565905,NA
5571415,LOC5571415,1483.277488,0.543977981,0.165323079,3.290393476,0.001000474,0.029130621,XP_001653670.1,bicaudal D-related protein homolog,NA
5569659,LOC5569659,171.1747861,1.169617174,0.355530223,3.289782694,0.001002648,0.029130621,XP_001652922.1,cytochrome P450 4C1,GO:0016020
5568132,LOC5568132,21155.01321,0.444388602,0.135245195,3.285799547,0.001016934,0.029414066,XP_001652071.1,troponin C,GO:0005509
5570570,LOC5570570,771.1063255,-0.470552741,0.143203321,-3.285906635,0.001016547,0.029414066,XP_021707946.1,uncharacterized LOC5570570,NA
5578728,LOC5578728,901.7951284,0.715605755,0.218257003,3.278729869,0.001042754,0.029439666,XP_021694739.1,uncharacterized LOC5578728,NA
5569124,LOC5569124,25137.43656,0.410481184,0.125110266,3.28095525,0.001034562,0.029439666,XP_001652731.2,ferritin subunit,GO:0005576
5569450,LOC5569450,188.3662106,0.815207793,0.248433084,3.281397872,0.001032939,0.029439666,XP_021696659.1,PI-PLC X domain-containing protein 1,NA
5565624,LOC5565624,47859.08387,0.428615985,0.130585661,3.282259188,0.001029789,0.029439666,XP_001649979.1,40S ribosomal protein S24,GO:1990904
5568837,LOC5568837,800.1760602,0.74912452,0.228311722,3.281147873,0.001033855,0.029439666,XP_001658203.1,uncharacterized LOC5568837,GO:0016020
5575445,LOC5575445,17411.78694,-0.312917501,0.095415146,-3.27953698,0.001039776,0.029439666,XP_001661956.1,protein cup,GO:0036464
5573507,LOC5573507,42.48835604,-1.648730571,0.502520659,-3.280920978,0.001034687,0.029439666,XP_001654638.2,titin,GO:0016020
5563577,LOC5563577,1331.966792,1.128576346,0.344107119,3.279723914,0.001039087,0.029439666,XP_001647940.2,ornithine decarboxylase 1,GO:0003824
5569654,LOC5569654,395.0927861,0.627730385,0.191445026,3.27890674,0.001042101,0.029439666,XP_021704232.1,L-ascorbate oxidase,NA
5566731,LOC5566731,360.0178891,0.4712628,0.143666894,3.280246325,0.001037165,0.029439666,XP_001651141.1,glycerophosphodiester phosphodiesterase 1,GO:0008081
5578484,LOC5578484,384.2677456,0.615413136,0.187652763,3.279531436,0.001039796,0.029439666,XP_001656950.2,uncharacterized LOC5578484,NA
5576319,LOC5576319,3256.882715,0.451175125,0.137643167,3.277860688,0.00104597,0.029466405,XP_021710862.1,teneurin-m,NA
5579479,LOC5579479,6194.267568,-0.329148608,0.100494312,-3.275295909,0.001055513,0.02958669,XP_021697265.1,nuclear mitotic apparatus protein 1,NA
5567045,LOC5567045,151.2272332,1.402767014,0.428476837,3.273845615,0.001060946,0.02958669,XP_001651444.2,general odorant-binding protein 99a,GO:0005549
5568491,LOC5568491,2478.330782,0.432003269,0.131963261,3.273663194,0.001061631,0.02958669,XP_001658082.1,uncharacterized LOC5568491,GO:0016020
5566901,LOC5566901,704.5343791,0.439025121,0.134074417,3.274488372,0.001058535,0.02958669,XP_021706801.1,fumarylacetoacetate hydrolase domain-containing protein 2A,NA
5565450,LOC5565450,1307.78444,0.64892842,0.198201585,3.274082899,0.001060055,0.02958669,XP_001649788.1,maltase A3,GO:0005975
5576181,LOC5576181,254.1812509,0.71532807,0.218698393,3.270842821,0.001072275,0.029667677,XP_001655982.2,peptidoglycan-recognition protein LA,GO:0016020
5575847,LOC5575847,319.7412736,0.537066113,0.164159221,3.271617082,0.001069343,0.029667677,XP_021702948.1,F-box/LRR-repeat protein 15,NA
110677091,LOC110677091,757.0517379,-0.422935759,0.129249662,-3.272238812,0.001066994,0.029667677,XP_021703452.1,zinc finger protein 429-like,NA
5577485,LOC5577485,194.0172831,1.646301835,0.503383259,3.270473949,0.001073674,0.029667677,XP_021707341.1,serologically defined colon cancer antigen 8 homolog,NA
5580030,LOC5580030,27635.37014,0.391471296,0.119857552,3.266137914,0.001090251,0.030061772,XP_001653914.1,uncharacterized LOC5580030,GO:1990904
5569474,LOC5569474,1933.731344,0.686526576,0.210277595,3.264858422,0.001095188,0.030133913,XP_001658560.1,allantoinase,GO:0004038
5570432,LOC5570432,45214.77682,0.473489409,0.145132238,3.26246887,0.001104463,0.030324865,XP_001659139.1,60S ribosomal protein L24,GO:0005840
5574061,LOC5574061,2267.044312,-0.318793238,0.097755621,-3.261124364,0.001109714,0.030404747,XP_021697595.1,ATP-dependent DNA helicase Q4,NA
5579094,LOC5579094,1544.31947,2.959778453,0.908797089,3.256808904,0.001126723,0.030805782,XP_001657288.2,defensin-C,GO:0005576
5572528,LOC5572528,2630.383686,-0.317043771,0.097382718,-3.255647179,0.001131342,0.03086711,XP_021698705.1,steroidogenic acute regulatory protein-like,NA
5569529,LOC5569529,67256.68634,0.520609473,0.159975857,3.254300273,0.001136721,0.030948827,XP_001652827.1,60S ribosomal protein L9,GO:1990904
5565962,LOC5565962,38224.87639,0.346108493,0.106547813,3.248386643,0.001160614,0.031533263,XP_001650291.1,60S ribosomal protein L30,GO:0022625
5567079,LOC5567079,193.9279276,0.77019111,0.23723651,3.246511721,0.001168286,0.031671092,XP_021712938.1,uncharacterized LOC5567079,NA
5566512,LOC5566512,7893.345787,-0.326521195,0.100593194,-3.245957115,0.001170565,0.031671092,XP_021701152.1,polycomb protein Sfmbt,NA
5568115,LOC5568115,389.1343314,0.498731427,0.153830124,3.24209209,0.001186557,0.031847954,XP_021696650.1,protein disulfide-isomerase TMX3,NA
5572284,LOC5572284,59316.26299,0.489564818,0.150991511,3.242333393,0.001185552,0.031847954,XP_001653969.1,40S ribosomal protein S9,GO:0015935
5564911,LOC5564911,249.5480873,-0.615045903,0.189711462,-3.242007083,0.001186911,0.031847954,XP_021702621.1,zinc finger protein 236,NA
5570997,LOC5570997,4022.488471,-0.341295094,0.105265496,-3.242231365,0.001185977,0.031847954,XP_001653425.2,anillin,NA
5576124,LOC5576124,2275.281431,0.797445736,0.246228011,3.238647513,0.001200979,0.032158998,XP_001662470.1,uncharacterized LOC5576124,GO:0016020
5579100,LOC5579100,2054.860024,1.84069038,0.568919526,3.235414319,0.001214663,0.032458504,NR_176426.1,uncharacterized LOC5579100,NA
5576854,LOC5576854,49.74041692,-1.208402577,0.373640767,-3.234129366,0.001220142,0.032537948,XP_001656279.1,uncharacterized LOC5576854,NA
5577996,LOC5577996,33023.0904,0.418759111,0.129546556,3.232498983,0.001227126,0.032657135,XP_001656734.1,60S ribosomal protein L32,GO:1990904
5570871,LOC5570871,2617.353223,3.022666602,0.935287128,3.231806051,0.001230105,0.03266948,XP_001659383.2,angiopoietin-related protein 1,NA
5570107,LOC5570107,1365.818091,-0.494165342,0.15298601,-3.230134199,0.001237321,0.032727273,XP_001653082.1,protein aubergine,GO:0005737
5579522,LOC5579522,528.3586312,-0.509871118,0.157839213,-3.230319689,0.001236519,0.032727273,XP_021700182.1,protein Wnt-5,NA
5576401,LOC5576401,2230.345475,-0.362047693,0.112218646,-3.226270388,0.001254148,0.033048825,XP_001662611.1,nuclear pore complex protein Nup133,GO:0005643
5571002,LOC5571002,3322.773432,-0.355783548,0.110300141,-3.225594681,0.001257112,0.033048825,XP_021710425.1,tyrosine-protein kinase shark,NA
5565521,LOC5565521,3803.322388,0.363934478,0.112823828,3.225688095,0.001256702,0.033048825,XP_021707602.1,uncharacterized LOC5565521,NA
5570374,LOC5570374,23.03481849,2.587845637,0.802970972,3.222838342,0.001269272,0.033301073,XP_021708675.1,uncharacterized LOC5570374,NA
110681265,LOC110681265,49.17331102,-1.332796423,0.413744669,-3.221301746,0.001276097,0.033412649,XR_002503143.1,uncharacterized LOC110681265,NA
5575321,LOC5575321,1784.300937,0.33606285,0.104420236,3.218368991,0.001289218,0.033620644,XP_001655696.1,WW domain-binding protein 2,GO:0003713
5571117,LOC5571117,314.3717053,2.358760076,0.732817651,3.21875445,0.001287487,0.033620644,XP_001659559.1,uncharacterized LOC5571117,NA
5574528,LOC5574528,223.0958175,0.723208854,0.225101685,3.212809596,0.001314434,0.034005088,XP_001655180.1,uncharacterized LOC5574528,GO:0016462
5576540,LOC5576540,1747.31373,0.383981932,0.119495274,3.213365004,0.001311895,0.034005088,XP_021694782.1,uncharacterized LOC5576540,NA
5570819,LOC5570819,4995.034497,0.72561588,0.225822865,3.213208195,0.001312611,0.034005088,XP_021702192.1,CD109 antigen,NA
5569815,LOC5569815,442.217342,0.748819495,0.232963332,3.214323415,0.001307523,0.034005088,XP_001653033.1,clavesin-1,NA
5572918,LOC5572918,1913.679764,2.542253109,0.791671578,3.211247163,0.001321602,0.034122558,XP_001654252.1,putative defense protein 1,NA
5569664,LOC5569664,188.7453022,0.658262654,0.205074433,3.209871867,0.001327942,0.034218208,XP_001652928.1,cytochrome P450 4d1,GO:0020037
110674027,LOC110674027,127.8068992,0.948463728,0.295668751,3.207859221,0.001337269,0.034284583,XR_002498585.1,uncharacterized LOC110674027,NA
5567850,LOC5567850,2777.188367,-0.37097315,0.115638564,-3.208040082,0.001336429,0.034284583,XP_001657714.1,DNA replication licensing factor Mcm7,GO:0042555
5575304,LOC5575304,4739.828131,-0.29385003,0.091610326,-3.207608167,0.001338437,0.034284583,XP_021708522.1,serine/threonine-protein kinase PAK 1,NA
5568255,LOC5568255,33082.08545,0.818539678,0.255390773,3.205047969,0.0013504,0.034522916,XP_001657948.2,angiopoietin-2,NA
5565631,LOC5565631,454.7721511,0.703775044,0.219748582,3.202637479,0.001361753,0.034676636,XP_001649987.2,synaptic vesicle glycoprotein 2B,GO:0016020
5573733,LOC5573733,4027.530414,-0.413523576,0.129113575,-3.20278929,0.001361035,0.034676636,XP_001654760.2,zinc finger protein jing homolog,GO:0005634
5566508,LOC5566508,461.5412957,3.452595261,1.080045504,3.196712776,0.001390033,0.035327503,XP_001650899.2,melanization protease 1,GO:0005576
5574525,LOC5574525,1846.490828,-0.345704726,0.108278234,-3.192744406,0.001409276,0.035676941,XP_001655177.1,max-like protein X,GO:0046983
5575159,LOC5575159,6977.17516,-0.287285054,0.08996483,-3.193304013,0.001406548,0.035676941,XP_001655536.2,cysteine/serine-rich nuclear protein 1,GO:0005634
5577221,LOC5577221,2669.585357,-0.298892752,0.093637924,-3.192005329,0.001412887,0.035698768,XP_001656324.2,"neuroligin-4, X-linked",GO:0016020
5565996,LOC5565996,271.232595,-0.825826493,0.258808192,-3.190882356,0.00141839,0.035739874,XP_001650364.1,uncharacterized LOC5565996,GO:0000795
5574201,LOC5574201,4504.152333,-0.300912971,0.094313796,-3.190550934,0.001420018,0.035739874,XP_021707310.1,titin,NA
110676297,LOC110676297,12797.5794,0.367376121,0.115234025,3.188087222,0.001432173,0.035976082,XP_021699336.1,nucleoside diphosphate kinase-like,NA
5569890,LOC5569890,135.2322778,1.477290778,0.463872848,3.184689049,0.001449096,0.036330913,XP_001658784.2,serine protease easter,GO:0005576
5571524,LOC5571524,38.24467056,-1.251042742,0.393004968,-3.183274623,0.001456194,0.036438526,XP_001653676.1,probable cytochrome P450 6a14,GO:0043231
5576723,LOC5576723,433.1505885,0.829383558,0.260975478,3.17801337,0.001482879,0.037034906,XP_001656231.1,endochitinase,GO:0008061
5567070,LOC5567070,109198.6473,0.551570306,0.173603403,3.17718603,0.001487116,0.037069438,XP_001651456.1,60S ribosomal protein L26,GO:0015934
5567274,LOC5567274,5307.320489,-0.382440236,0.12042987,-3.175626085,0.001495135,0.037197936,XP_001651681.2,zinc finger protein 768,NA
5576784,LOC5576784,397.9229244,1.049704794,0.330682654,3.174356987,0.001501689,0.037289544,XP_001662871.1,glycine N-methyltransferase,GO:0017174
110678327,LOC110678327,121.6647538,-1.004457248,0.316866852,-3.169966319,0.001524566,0.037765189,XR_002501502.1,uncharacterized LOC110678327,NA
5578738,LOC5578738,2113.261232,0.504179772,0.159068943,3.169567622,0.001526659,0.037765189,XP_001657103.3,glia-derived nexin,GO:0005615
110674776,LOC110674776,6715.695009,0.880733621,0.277982976,3.168300572,0.001533329,0.037804346,XP_021694762.1,struthiocalcin-2-like,NA
5574655,LOC5574655,13985.55669,0.787223119,0.248479499,3.168161248,0.001534064,0.037804346,XR_002500714.1,uncharacterized LOC5574655,NA
5575994,LOC5575994,700.3430106,0.711929273,0.224835001,3.166452154,0.001543107,0.037955179,XP_021707386.1,modular serine protease,NA
5573308,LOC5573308,99.89360809,3.819563059,1.206550708,3.165687968,0.001547167,0.037983087,XP_001654517.1,soma ferritin,GO:0008199
5570740,LOC5570740,561.2506618,-0.56426917,0.178390172,-3.16311804,0.00156089,0.038032424,XP_021695187.1,zinc finger CCCH domain-containing protein 18,NA
5577966,LOC5577966,710.6485906,0.577207775,0.18247625,3.163193977,0.001560483,0.038032424,XP_021698584.1,toll-like receptor 13,NA
5572370,LOC5572370,634.8766358,1.968361261,0.62209434,3.164088037,0.001555697,0.038032424,XP_021703595.1,nitric oxide synthase,NA
110677834,LOC110677834,74.73602685,0.892879975,0.28220068,3.163989448,0.001556224,0.038032424,XP_021705147.1,uncharacterized LOC110677834,NA
5571908,LOC5571908,10156.65406,-0.328021812,0.103768197,-3.161101591,0.001571737,0.038153541,XP_021706697.1,uncharacterized LOC5571908,NA
5579101,LOC5579101,1317.213103,0.472621655,0.149505847,3.161225226,0.00157107,0.038153541,XP_001657296.2,uncharacterized LOC5579101,NA
5565412,LOC5565412,216.2554843,0.576057053,0.182331174,3.159399682,0.001580945,0.038197513,XP_001649759.1,transcription initiation factor TFIID subunit 11,GO:0005669
110676310,LOC110676310,372.0298067,0.505101463,0.15990943,3.158672157,0.001584897,0.038197513,XR_002500257.1,uncharacterized LOC110676310,NA
110679826,LOC110679826,138.5763096,5.020092781,1.589139265,3.159001161,0.001583109,0.038197513,XP_021711279.1,"keratin, type II cytoskeletal 68 kDa, component IB-like",NA
5575037,LOC5575037,54978.9868,0.507569616,0.160694713,3.158595615,0.001585313,0.038197513,XP_001661768.1,60S ribosomal protein L27,GO:1990904
5579213,LOC5579213,2532.806774,-0.318020368,0.100840312,-3.153702739,0.001612132,0.038771776,XP_001657340.2,nucleolar protein 14 homolog,GO:0005730
5564056,LOC5564056,10402.25934,0.4331322,0.137596645,3.147839837,0.001644818,0.039412313,XP_001648394.2,cystathionine gamma-lyase,GO:0004123
5579241,LOC5579241,2427.584465,0.353474647,0.112387163,3.145151422,0.001660009,0.039412313,XP_021695737.1,transmembrane protein 35A,NA
5576452,LOC5576452,3986.171829,0.675258686,0.214668027,3.145595057,0.001657493,0.039412313,XP_021697043.1,protein javelin,NA
5571186,LOC5571186,6705.867877,0.321422207,0.102190836,3.145313417,0.00165909,0.039412313,XP_001653502.2,cytochrome c oxidase subunit 6B1,GO:0008408
110676278,LOC110676278,15.6995277,2.497712023,0.793837689,3.146376214,0.001653072,0.039412313,XR_002500232.1,uncharacterized LOC110676278,NA
5576668,LOC5576668,14241.90163,-0.30161429,0.095851318,-3.146689016,0.001651305,0.039412313,XP_021708017.1,non-canonical poly(A) RNA polymerase protein Trf4-1,NA
5571135,LOC5571135,23883.17639,-0.350155035,0.111247059,-3.147544191,0.001646482,0.039412313,XP_001659577.1,uncharacterized LOC5571135,NA
5568253,LOC5568253,1261.975457,0.641762135,0.204155496,3.14349674,0.001669423,0.039563491,XP_001657952.2,ficolin-3,NA
5564199,LOC5564199,163.1291591,0.737134138,0.234795105,3.139478301,0.001692489,0.039891762,XP_021700235.1,serine protease easter,NA
5568635,LOC5568635,106.2466022,1.027055022,0.327098702,3.139893293,0.001690094,0.039891762,XP_021700318.1,putative phosphatidate phosphatase,NA
5568623,LOC5568623,1837.36158,4.312767397,1.373652556,3.139634822,0.001691586,0.039891762,XP_001652457.1,uncharacterized LOC5568623,GO:0030246
5580009,LOC5580009,3803.739125,-0.268870931,0.085700956,-3.137315423,0.001705026,0.040064831,XP_021713348.1,exportin-7,NA
110674234,LOC110674234,44.36676291,-1.281720258,0.408631307,-3.136617863,0.001709087,0.040064831,XR_002498754.1,uncharacterized LOC110674234,NA
110677901,LOC110677901,646.7178781,0.379704013,0.121048357,3.136796092,0.001708049,0.040064831,XP_021705502.1,ecdysone 20-monooxygenase,NA
5568246,LOC5568246,6132.143221,0.35926245,0.114647964,3.133613866,0.001726679,0.040404291,XP_021701566.1,guanine nucleotide-binding protein subunit gamma-e,NA
5567141,LOC5567141,5359.631951,-0.309426741,0.098793464,-3.132056786,0.001735863,0.040546137,XP_001651542.2,uncharacterized LOC5567141,GO:0005737
5573732,LOC5573732,85027.5915,0.276325124,0.088263689,3.130677249,0.001744037,0.040663933,XP_001654757.1,V-type proton ATPase 16 kDa proteolipid subunit,GO:0033179
5569911,LOC5569911,994.767107,0.700386938,0.223948966,3.127439924,0.001763359,0.041040748,XP_001658808.2,clavesin-1,NA
5566650,LOC5566650,783.0912723,0.607590012,0.194495904,3.123921888,0.001784578,0.041268557,XP_021711796.1,multidrug resistance-associated protein 9,NA
5571961,LOC5571961,1139.234697,-0.393517978,0.12596345,-3.124064772,0.001783712,0.041268557,XP_021697657.1,putative protein TPRXL,NA
5565864,LOC5565864,109.4762001,-0.788141037,0.25227063,-3.124188645,0.001782961,0.041268557,XP_001650230.1,"1,5-anhydro-D-fructose reductase",GO:0016491
5566757,LOC5566757,38.48449321,-2.873347872,0.919850721,-3.123711063,0.001785857,0.041268557,XP_001651167.1,opsin-1,GO:0016020
110680971,LOC110680971,205.4867569,-0.795793555,0.254967684,-3.121154575,0.001801434,0.041554582,XP_021712436.1,UPF0047 protein YjbQ-like,NA
5576676,LOC5576676,776.7400941,0.669485296,0.214535184,3.120631696,0.001804636,0.04155462,XP_021697250.1,ATP-binding cassette sub-family A member 3,NA
5568624,LOC5568624,1123.176349,0.995386572,0.319223045,3.118153872,0.001819878,0.041831417,XP_001652458.1,uncharacterized LOC5568624,GO:0030246
5567577,LOC5567577,2764.502866,-0.278757804,0.089445128,-3.116523061,0.001829974,0.041989166,XP_021704210.1,exocyst complex component 4,NA
5573691,LOC5573691,265.2647251,2.273800071,0.730789218,3.111430784,0.001861831,0.042637959,XP_021695485.1,uncharacterized LOC5573691,NA
5571667,LOC5571667,3044.480568,0.834602617,0.268294576,3.110769623,0.001866005,0.042637959,XP_001653754.2,uncharacterized LOC5571667,GO:0016787
5564875,LOC5564875,7707.919133,-0.350551377,0.112701599,-3.110438364,0.001868099,0.042637959,XP_001649223.2,microtubule-associated protein futsch,NA
5577501,LOC5577501,2941.905433,-0.314692896,0.101280092,-3.107154533,0.001888976,0.043038833,XP_021711436.1,uncharacterized LOC5577501,NA
5566729,LOC5566729,6808.324259,-0.282429343,0.090912148,-3.106618317,0.001892406,0.043041457,XP_021705880.1,uncharacterized LOC5566729,NA
110680652,LOC110680652,84.66003745,0.978581322,0.315090246,3.105717599,0.001898179,0.043097292,XP_021712139.1,serine protease persephone-like,NA
5577556,LOC5577556,461.0685766,0.594641895,0.191615838,3.103302428,0.00191374,0.043121626,XP_021696680.1,uncharacterized LOC5577556,NA
5564325,LOC5564325,1639.172575,-0.359295165,0.11578098,-3.103231324,0.0019142,0.043121626,XP_021704706.1,golgin subfamily A member 1,NA
5564892,LOC5564892,408.5385624,0.523642305,0.168678097,3.10438827,0.001906729,0.043121626,XP_021705408.1,organic cation transporter protein,NA
110679492,LOC110679492,800.5642634,0.585605889,0.188707254,3.103250547,0.001914075,0.043121626,XR_002502526.1,uncharacterized LOC110679492,NA
5577775,LOC5577775,365.6387366,1.103743158,0.355704719,3.102975865,0.001915853,0.043121626,XP_001663550.2,uncharacterized LOC5577775,NA
110676267,LOC110676267,730.2939177,-2.624109515,0.846330793,-3.100571948,0.001931473,0.043397989,XR_002500225.1,uncharacterized LOC110676267,NA
5565532,LOC5565532,3452.625576,-0.317760782,0.102540228,-3.098888967,0.001942478,0.043569883,XP_021697759.1,uncharacterized LOC5565532,NA
5569259,LOC5569259,31.87329331,-1.862223162,0.601928045,-3.093763743,0.001976348,0.044253158,XP_001658406.2,trypsin-1,GO:0004252
5572814,LOC5572814,243.6896016,2.316305087,0.748948247,3.092743852,0.001983152,0.044329085,XP_001654217.1,uncharacterized LOC5572814,GO:0030246
110674815,LOC110674815,272.9296066,0.748571463,0.242146524,3.09139876,0.001992159,0.044453899,XP_021694924.1,uncharacterized LOC110674815,NA
110676917,LOC110676917,419.0814359,-0.543611716,0.175983201,-3.088997776,0.002008329,0.044579119,XP_021702421.1,pollen-specific leucine-rich repeat extensin-like protein 1,NA
5569676,LOC5569676,3195.248114,-0.312829834,0.101259353,-3.089392001,0.002005666,0.044579119,XP_021700780.1,MPN domain-containing protein CG4751,NA
110678888,LOC110678888,275.8795737,0.972406478,0.314798233,3.088983277,0.002008427,0.044579119,XP_021708161.1,uncharacterized LOC110678888,NA
110681430,LOC110681430,979.1981632,-0.38066763,0.123252085,-3.08852894,0.002011501,0.044579119,XP_021712864.1,cell division cycle 5-like protein,NA
5578290,LOC5578290,5332.447825,-0.2957914,0.095830956,-3.086595534,0.002024629,0.044793618,XP_021694598.1,stromal interaction molecule homolog,NA
110676746,LOC110676746,33.66818239,-1.407603136,0.456334281,-3.084587754,0.002038345,0.044846658,XP_021701505.1,uncharacterized LOC110676746,NA
110676001,LOC110676001,1156.646742,-1.040838512,0.337365245,-3.085197802,0.002034168,0.044846658,XP_021697925.1,uncharacterized LOC110676001,NA
5573642,LOC5573642,1621.833454,-0.304745192,0.098784042,-3.084963775,0.002035769,0.044846658,XP_021700867.1,uncharacterized LOC5573642,NA
5565768,LOC5565768,56.46274962,-0.992927498,0.321937546,-3.084223976,0.002040839,0.044846658,XP_001650125.2,zinc finger protein 250,NA
5574874,LOC5574874,3061.111198,-0.266606993,0.086494343,-3.082363336,0.00205364,0.045051729,XP_001655398.1,RNA polymerase-associated protein CTR9 homolog,GO:0043231
23687552,LOC23687552,646.7501143,0.528185281,0.171544202,3.079003979,0.002076939,0.045441944,XP_011493526.2,lysozyme c-1,GO:0003796
5575105,LOC5575105,78515.77551,0.464470156,0.150861226,3.078790804,0.002078426,0.045441944,XP_001661827.1,40S ribosomal protein S15,GO:0015935
5575187,LOC5575187,170.0674709,-0.700619888,0.22760859,-3.078178593,0.002082701,0.045458878,XP_021709972.1,probable cytochrome P450 313a2,NA
110676199,LOC110676199,48.03709545,1.553320954,0.505043233,3.075619771,0.002100655,0.045724756,XP_021698825.1,transmembrane protein 68-like,NA
110676818,LOC110676818,391.6197375,0.491120302,0.159691079,3.075439819,0.002101923,0.045724756,XP_021701797.1,integrin beta-nu,NA
5573033,LOC5573033,1613.325623,0.548532864,0.178487465,3.073229065,0.002117559,0.045987852,XP_001654349.2,xylulose kinase,GO:0005524
5573562,LOC5573562,1639.354697,-0.333948602,0.108809002,-3.069126611,0.002146856,0.046546272,XP_001654695.2,"histone H1, gonadal",GO:0000786
5568215,LOC5568215,3363.236563,-0.339851845,0.110772533,-3.068015461,0.002154855,0.04664183,XP_021711241.1,uncharacterized LOC5568215,NA
5571227,LOC5571227,4791.347141,0.439893208,0.14365888,3.06206764,0.002198138,0.047499526,XP_001653531.1,G protein-activated inward rectifier potassium channel 3,GO:0016020
23687681,LOC23687681,1212.986836,-0.384290784,0.125527786,-3.061400169,0.002203044,0.047526475,XP_021713268.1,adenylate cyclase type 9,NA
5575874,LOC5575874,1115.290573,-0.494513282,0.161655471,-3.059056888,0.00222035,0.04782037,XP_021703663.1,homeotic protein ocelliless,NA
5574115,LOC5574115,1068.562834,-0.365151509,0.11948331,-3.056088005,0.002242454,0.047931971,XP_021696086.1,fringe glycosyltransferase,NA
5570334,LOC5570334,5591.331457,-0.353442772,0.115659772,-3.055883348,0.002243985,0.047931971,XP_021699477.1,AT-rich interactive domain-containing protein 2,NA
110676490,LOC110676490,705.9327745,-0.414078515,0.135485853,-3.056249093,0.00224125,0.047931971,XR_002500442.1,uncharacterized LOC110676490,NA
5568636,LOC5568636,741.4307799,0.710109527,0.232253503,3.057476067,0.002232095,0.047931971,XP_021700321.1,uncharacterized protein T28D9.3,NA
110680760,LOC110680760,51.29441125,4.631943216,1.515698859,3.05597856,0.002243273,0.047931971,XR_002502976.1,uncharacterized LOC110680760,NA
5575992,LOC5575992,1660.280878,0.318296298,0.104206457,3.054477691,0.002254528,0.048078083,XP_021705688.1,synaptotagmin-4,NA
5563570,LOC5563570,451.6153644,0.799551909,0.261933078,3.052504535,0.002269403,0.048315962,XP_001647842.1,L-dopachrome tautomerase yellow-f,NA
110674619,LOC110674619,69.83660471,1.004293673,0.329059903,3.052008661,0.002273155,0.048316644,XP_021694405.1,uncharacterized LOC110674619,NA
5569566,LOC5569566,6694.865346,0.365506719,0.119816273,3.050559913,0.002284151,0.048471029,XP_001658629.1,"cytochrome c oxidase subunit 7A, mitochondrial",GO:0005751
5577568,LOC5577568,4263.628849,0.38061626,0.124859089,3.048366471,0.002300891,0.048746618,XP_001663442.1,peptidyl-prolyl cis-trans isomerase 5,GO:0003755
5574847,LOC5574847,194.3760583,0.814953138,0.267424275,3.047416464,0.002308177,0.048821321,XP_001661667.2,clavesin-2,NA
5574315,LOC5574315,2939.725413,-0.284801226,0.093524637,-3.045200018,0.002325256,0.049022892,XP_001655092.2,dedicator of cytokinesis protein 7,GO:0110165
5577757,LOC5577757,102.2077103,1.18453766,0.388967463,3.045338675,0.002324184,0.049022892,XP_021705900.1,angiopoietin-related protein 6,NA
5580309,LOC5580309,270.9568328,0.497407936,0.163465344,3.042895351,0.002343138,0.049319827,XP_001662927.2,uncharacterized LOC5580309,GO:0005525
5574426,LOC5574426,70.50003168,1.152651036,0.378891936,3.042163015,0.002348847,0.049359983,XP_001661441.2,pancreatic lipase-related protein 2,GO:0005576
5574629,LOC5574629,3577.333497,-0.299607301,0.098597793,-3.038681626,0.002376158,0.049853258,XP_021713230.1,uncharacterized LOC5574629,NA
5577794,LOC5577794,991.4865767,-0.406706276,0.133933568,-3.036626894,0.002392414,0.049913735,XP_021698933.1,transient receptor potential cation channel trpm,NA
5568497,LOC5568497,330.0109964,0.739112564,0.243368579,3.03700899,0.002389383,0.049913735,XP_001658076.1,uncharacterized LOC5568497,NA
5575552,LOC5575552,3966.889868,0.733179131,0.2414958,3.035991237,0.002397463,0.049913735,XP_001662057.1,"arginase, hepatic",GO:0004053
110676076,LOC110676076,47.36306315,-1.653887257,0.544778142,-3.035891366,0.002398258,0.049913735,XP_021698269.1,mantle protein-like,NA
5565476,LOC5565476,3512.660076,-0.374704052,0.123362899,-3.037412818,0.002386184,0.049913735,XP_001649817.2,zinc finger protein rotund,NA
5576284,LOC5576284,2943.677408,-0.361073876,0.118988367,-3.034530898,0.002409101,0.049991612,XP_021713185.1,general transcription factor 3C polypeptide 1,NA
5572891,LOC5572891,444.3986537,0.625101919,0.206110641,3.032846419,0.002422589,0.049991612,XP_001654245.2,"phosphoglycolate phosphatase 1B, chloroplastic",GO:0016787
110676911,LOC110676911,1325.224328,-0.41299133,0.136142767,-3.033516494,0.002417215,0.049991612,XP_021702410.1,nucleolin 2-like,NA
5564765,LOC5564765,5505.046472,0.407014307,0.134225779,3.032311016,0.00242689,0.049991612,XP_021698732.1,titin,NA
5574025,LOC5574025,136.8576142,0.67160102,0.221413222,3.033247125,0.002419374,0.049991612,XP_021702584.1,T-lymphocyte activation antigen CD86,NA
5578556,LOC5578556,282.831534,1.131107016,0.372950959,3.03285724,0.002422502,0.049991612,XP_001663948.2,L-threonine ammonia-lyase,NA
5565454,LOC5565454,9005.83181,0.46067348,0.151934379,3.032055561,0.002428945,0.049991612,XP_001649786.1,maltase A1,GO:0016020
